2026-07-18 14:21:07 | INFO     | app:26 | Iniciando Painel Inteligente de Vigilancia Cardiovascular v3.6.1
2026-07-18 14:21:14 | INFO     | cache:20 | [CACHE] cached_load: 5,035 linhas, 3452.0 ms
2026-07-18 14:21:14 | INFO     | logger:33 | Planilha: ecg.xlsx | 5,035 linhas x 136 colunas
2026-07-18 14:21:17 | INFO     | logger:38 | Filtros: 5,035 -> 5,016 (99.6%)
2026-07-18 14:23:27 | INFO     | app:26 | Iniciando Painel Inteligente de Vigilancia Cardiovascular v3.6.1
2026-07-18 14:23:27 | INFO     | app:26 | Iniciando Painel Inteligente de Vigilancia Cardiovascular v3.6.1
2026-07-18 14:23:31 | INFO     | cache:20 | [CACHE] cached_load: 5,035 linhas, 3227.4 ms
2026-07-18 14:23:31 | INFO     | logger:33 | Planilha: ecg.xlsx | 5,035 linhas x 136 colunas
2026-07-18 14:23:32 | INFO     | logger:38 | Filtros: 5,035 -> 5,016 (99.6%)
2026-07-18 14:23:34 | INFO     | logger:42 | Indicadores: 5016 exames, 151 mun, 409 arr
2026-07-18 14:23:39 | INFO     | logger:54 | [PIPELINE] Tempo total: 11864.5 ms
2026-07-18 14:41:42 | INFO     | app:26 | Iniciando Painel Inteligente de Vigilancia Cardiovascular v3.6.1
2026-07-18 14:41:46 | INFO     | cache:20 | [CACHE] cached_load: 5,035 linhas, 2936.9 ms
2026-07-18 14:41:46 | INFO     | logger:33 | Planilha: ecg.xlsx | 5,035 linhas x 115 colunas
2026-07-18 14:41:47 | INFO     | logger:38 | Filtros: 5,035 -> 5,016 (99.6%)
2026-07-18 14:41:49 | INFO     | logger:42 | Indicadores: 5016 exames, 151 mun, 459 arr
2026-07-18 14:41:55 | INFO     | logger:54 | [PIPELINE] Tempo total: 12836.9 ms
2026-07-18 14:54:46 | INFO     | app:26 | Iniciando Painel Inteligente de Vigilancia Cardiovascular v3.6.1
2026-07-18 14:54:46 | INFO     | logger:33 | Planilha: ecg.xlsx | 5,035 linhas x 115 colunas
2026-07-18 14:54:46 | INFO     | logger:38 | Filtros: 5,035 -> 5,016 (99.6%)
2026-07-18 14:54:49 | INFO     | logger:42 | Indicadores: 5016 exames, 151 mun, 459 arr
2026-07-18 14:54:53 | INFO     | logger:54 | [PIPELINE] Tempo total: 7217.1 ms
2026-07-18 14:55:16 | INFO     | app:26 | Iniciando Painel Inteligente de Vigilancia Cardiovascular v3.6.1
2026-07-18 14:55:16 | INFO     | logger:33 | Planilha: ecg.xlsx | 5,035 linhas x 115 colunas
2026-07-18 14:55:16 | INFO     | logger:38 | Filtros: 5,035 -> 5,016 (99.6%)
2026-07-18 14:55:19 | INFO     | logger:42 | Indicadores: 5016 exames, 151 mun, 459 arr
2026-07-18 14:55:23 | INFO     | logger:54 | [PIPELINE] Tempo total: 7559.4 ms
2026-07-18 15:03:17 | INFO     | app:26 | Iniciando Painel Inteligente de Vigilancia Cardiovascular v3.6.1
2026-07-18 15:03:17 | INFO     | logger:33 | Planilha: ecg.xlsx | 5,035 linhas x 115 colunas
2026-07-18 15:03:17 | INFO     | logger:38 | Filtros: 5,035 -> 5,016 (99.6%)
2026-07-18 15:03:20 | INFO     | logger:42 | Indicadores: 5016 exames, 151 mun, 459 arr
2026-07-18 15:03:24 | INFO     | logger:54 | [PIPELINE] Tempo total: 6366.0 ms
2026-07-18 15:04:57 | INFO     | app:26 | Iniciando Painel Inteligente de Vigilancia Cardiovascular v3.6.1
2026-07-18 15:05:01 | INFO     | cache:20 | [CACHE] cached_load: 5,035 linhas, 2756.0 ms
2026-07-18 15:05:01 | INFO     | logger:33 | Planilha: ecg.xlsx | 5,035 linhas x 115 colunas
2026-07-18 15:05:01 | INFO     | logger:38 | Filtros: 5,035 -> 5,016 (99.6%)
2026-07-18 15:05:04 | INFO     | logger:42 | Indicadores: 5016 exames, 151 mun, 459 arr
2026-07-18 15:05:08 | INFO     | logger:54 | [PIPELINE] Tempo total: 11201.9 ms
2026-07-18 15:11:34 | INFO     | app:26 | Iniciando Painel Inteligente de Vigilancia Cardiovascular v3.6.1
2026-07-18 15:11:34 | INFO     | app:26 | Iniciando Painel Inteligente de Vigilancia Cardiovascular v3.6.1
2026-07-18 15:11:37 | INFO     | cache:20 | [CACHE] cached_load: 5,035 linhas, 2707.3 ms
2026-07-18 15:11:37 | INFO     | logger:33 | Planilha: ecg.xlsx | 5,035 linhas x 115 colunas
2026-07-18 15:11:37 | INFO     | logger:33 | Planilha: ecg.xlsx | 5,035 linhas x 115 colunas
2026-07-18 15:11:38 | INFO     | logger:38 | Filtros: 5,035 -> 5,016 (99.6%)
2026-07-18 15:11:38 | INFO     | logger:38 | Filtros: 5,035 -> 5,016 (99.6%)
2026-07-18 15:11:45 | INFO     | logger:42 | Indicadores: 5016 exames, 151 mun, 459 arr
2026-07-18 15:11:46 | INFO     | logger:42 | Indicadores: 5016 exames, 151 mun, 459 arr
2026-07-18 15:11:50 | INFO     | logger:54 | [PIPELINE] Tempo total: 16395.1 ms
2026-07-19 14:25:44 | INFO     | app:26 | Iniciando Painel Inteligente de Vigilancia Cardiovascular v3.6.1
2026-07-19 14:25:50 | INFO     | cache:20 | [CACHE] cached_load: 5,035 linhas, 2858.2 ms
2026-07-19 14:25:50 | INFO     | logger:33 | Planilha: ecg.xlsx | 5,035 linhas x 115 colunas
2026-07-19 14:25:55 | INFO     | logger:38 | Filtros: 5,035 -> 5,016 (99.6%)
2026-07-19 14:25:57 | INFO     | logger:42 | Indicadores: 5016 exames, 151 mun, 459 arr
2026-07-19 14:26:02 | INFO     | logger:54 | [PIPELINE] Tempo total: 18270.9 ms
2026-07-19 14:46:44 | INFO     | app:26 | Iniciando Painel Inteligente de Vigilancia Cardiovascular v3.6.1
2026-07-19 14:46:44 | INFO     | logger:33 | Planilha: ecg.xlsx | 5,035 linhas x 115 colunas
2026-07-19 14:46:44 | INFO     | logger:38 | Filtros: 5,035 -> 5,016 (99.6%)
2026-07-19 14:46:46 | INFO     | logger:42 | Indicadores: 5016 exames, 151 mun, 459 arr
2026-07-19 14:46:50 | INFO     | logger:54 | [PIPELINE] Tempo total: 5707.1 ms
2026-07-19 14:47:17 | INFO     | app:26 | Iniciando Painel Inteligente de Vigilancia Cardiovascular v3.6.1
2026-07-19 14:47:17 | INFO     | logger:33 | Planilha: ecg.xlsx | 5,035 linhas x 115 colunas
2026-07-19 14:47:17 | INFO     | logger:38 | Filtros: 5,035 -> 5,016 (99.6%)
2026-07-19 14:47:19 | INFO     | logger:42 | Indicadores: 5016 exames, 151 mun, 459 arr
2026-07-19 14:47:22 | INFO     | logger:54 | [PIPELINE] Tempo total: 5885.2 ms
2026-07-21 13:50:47 | INFO     | app:26 | Iniciando Painel Inteligente de Vigilancia Cardiovascular v3.6.1
2026-07-21 13:50:53 | INFO     | cache:20 | [CACHE] cached_load: 5,035 linhas, 2650.9 ms
2026-07-21 13:50:53 | INFO     | logger:33 | Planilha: ecg.xlsx | 5,035 linhas x 115 colunas
2026-07-21 13:50:58 | INFO     | logger:38 | Filtros: 5,035 -> 5,016 (99.6%)
2026-07-21 13:51:00 | INFO     | logger:42 | Indicadores: 5016 exames, 151 mun, 459 arr
2026-07-21 13:54:28 | INFO     | app:26 | Iniciando Painel Inteligente de Vigilancia Cardiovascular v3.6.1
2026-07-21 13:54:28 | INFO     | app:26 | Iniciando Painel Inteligente de Vigilancia Cardiovascular v3.6.1
2026-07-21 13:54:31 | INFO     | cache:20 | [CACHE] cached_load: 5,035 linhas, 2208.0 ms
2026-07-21 13:54:31 | INFO     | logger:33 | Planilha: ecg.xlsx | 5,035 linhas x 115 colunas
2026-07-21 13:54:31 | INFO     | logger:33 | Planilha: ecg.xlsx | 5,035 linhas x 115 colunas
2026-07-21 13:54:32 | INFO     | logger:38 | Filtros: 5,035 -> 5,016 (99.6%)
2026-07-21 13:54:32 | INFO     | logger:38 | Filtros: 5,035 -> 5,016 (99.6%)
2026-07-21 13:54:37 | INFO     | logger:42 | Indicadores: 5016 exames, 151 mun, 459 arr
2026-07-21 13:54:37 | INFO     | logger:42 | Indicadores: 5016 exames, 151 mun, 459 arr
2026-07-21 13:54:47 | INFO     | logger:54 | [PIPELINE] Tempo total: 18979.2 ms
2026-07-21 13:54:47 | INFO     | logger:54 | [PIPELINE] Tempo total: 19191.4 ms
2026-07-21 14:13:11 | INFO     | app:26 | Iniciando Painel Inteligente de Vigilancia Cardiovascular v3.6.1
2026-07-21 14:13:14 | INFO     | cache:20 | [CACHE] cached_load: 5,035 linhas, 2150.6 ms
2026-07-21 14:13:14 | INFO     | logger:33 | Planilha: ecg.xlsx | 5,035 linhas x 115 colunas
2026-07-21 14:13:15 | INFO     | logger:38 | Filtros: 5,035 -> 5,016 (99.6%)
2026-07-21 14:13:16 | INFO     | logger:42 | Indicadores: 5016 exames, 151 mun, 459 arr
2026-07-21 14:13:21 | INFO     | logger:54 | [PIPELINE] Tempo total: 9460.0 ms
2026-07-21 16:11:21 | INFO     | app:26 | Iniciando Painel Inteligente de Vigilância Cardiovascular v3.6.1
2026-07-21 16:11:23 | ERROR    | logger:46 | [carregamento] ModuleNotFoundError: No module named 'analysis.classificação'
2026-07-21 16:13:24 | INFO     | app:26 | Iniciando Painel Inteligente de Vigilância Cardiovascular v3.6.1
2026-07-21 16:13:25 | ERROR    | logger:46 | [carregamento] ModuleNotFoundError: No module named 'analysis.classificação'
2026-07-21 16:17:49 | INFO     | app:26 | Iniciando Painel Inteligente de Vigilância Cardiovascular v3.6.1
2026-07-21 16:17:53 | INFO     | cache:20 | [CACHE] cached_load: 5,035 linhas, 3422.4 ms
2026-07-21 16:17:53 | INFO     | logger:33 | Planilha: ecg.xlsx | 5,035 linhas x 134 colunas
2026-07-21 16:17:55 | INFO     | logger:38 | Filtros: 5,035 -> 5,026 (99.8%)
2026-07-21 16:17:56 | INFO     | logger:42 | Indicadores: 5026 exames, 151 mun, 409 arr
2026-07-21 16:19:56 | INFO     | app:26 | Iniciando Painel Inteligente de Vigilância Cardiovascular v3.6.1
2026-07-21 16:19:59 | INFO     | cache:20 | [CACHE] cached_load: 5,035 linhas, 2359.7 ms
2026-07-21 16:19:59 | INFO     | logger:33 | Planilha: ecg.xlsx | 5,035 linhas x 134 colunas
2026-07-21 16:19:59 | INFO     | logger:38 | Filtros: 5,035 -> 5,026 (99.8%)
2026-07-21 16:20:01 | INFO     | logger:42 | Indicadores: 5026 exames, 151 mun, 409 arr
2026-07-21 16:22:37 | INFO     | app:26 | Iniciando Painel Inteligente de Vigilância Cardiovascular v3.6.1
2026-07-21 16:22:40 | INFO     | cache:20 | [CACHE] cached_load: 5,035 linhas, 2390.5 ms
2026-07-21 16:22:40 | INFO     | logger:33 | Planilha: ecg.xlsx | 5,035 linhas x 134 colunas
2026-07-21 16:22:41 | INFO     | logger:38 | Filtros: 5,035 -> 5,026 (99.8%)
2026-07-21 16:22:42 | INFO     | logger:42 | Indicadores: 5026 exames, 151 mun, 409 arr
2026-07-21 16:26:39 | INFO     | app:26 | Iniciando Painel Inteligente de Vigilancia Cardiovascular v3.6.1
2026-07-21 16:26:41 | INFO     | cache:20 | [CACHE] cached_load: 5,035 linhas, 2384.2 ms
2026-07-21 16:26:41 | INFO     | logger:33 | Planilha: ecg.xlsx | 5,035 linhas x 134 colunas
2026-07-21 16:26:42 | INFO     | logger:38 | Filtros: 5,035 -> 5,026 (99.8%)
2026-07-21 16:26:44 | INFO     | logger:42 | Indicadores: 5026 exames, 151 mun, 409 arr
2026-07-21 16:31:38 | INFO     | app:26 | Iniciando Painel Inteligente de Vigilancia Cardiovascular v3.6.1
2026-07-21 16:31:41 | INFO     | cache:20 | [CACHE] cached_load: 5,035 linhas, 2445.4 ms
2026-07-21 16:31:41 | INFO     | logger:33 | Planilha: ecg.xlsx | 5,035 linhas x 134 colunas
2026-07-21 16:31:42 | INFO     | logger:38 | Filtros: 5,035 -> 5,016 (99.6%)
2026-07-21 16:31:44 | INFO     | logger:42 | Indicadores: 5016 exames, 151 mun, 409 arr
2026-07-21 16:31:47 | INFO     | logger:54 | [PIPELINE] Tempo total: 8913.2 ms
2026-07-22 14:00:57 | INFO     | app:26 | Iniciando Painel Inteligente de Vigilancia Cardiovascular v3.6.1
2026-07-22 14:00:57 | INFO     | app:26 | Iniciando Painel Inteligente de Vigilancia Cardiovascular v3.6.1
2026-07-22 14:01:05 | INFO     | cache:20 | [CACHE] cached_load: 5,035 linhas, 3774.6 ms
2026-07-22 14:01:05 | INFO     | logger:33 | Planilha: ecg.xlsx | 5,035 linhas x 136 colunas
2026-07-22 14:01:11 | INFO     | logger:38 | Filtros: 5,035 -> 5,016 (99.6%)
2026-07-22 14:01:13 | INFO     | logger:42 | Indicadores: 5016 exames, 151 mun, 409 arr
2026-07-22 14:01:18 | INFO     | logger:54 | [PIPELINE] Tempo total: 20372.2 ms
2026-07-22 14:07:04 | INFO     | app:26 | Iniciando Painel Inteligente de Vigilancia Cardiovascular v3.6.1
2026-07-22 14:07:04 | INFO     | logger:33 | Planilha: ecg.xlsx | 5,035 linhas x 136 colunas
2026-07-22 14:07:04 | INFO     | logger:38 | Filtros: 5,035 -> 5,016 (99.6%)
2026-07-22 14:07:06 | INFO     | logger:42 | Indicadores: 5016 exames, 151 mun, 409 arr
2026-07-22 14:07:09 | INFO     | logger:54 | [PIPELINE] Tempo total: 5257.0 ms
2026-07-22 14:08:23 | INFO     | app:26 | Iniciando Painel Inteligente de Vigilancia Cardiovascular v3.6.1
2026-07-22 14:08:27 | INFO     | cache:20 | [CACHE] cached_load: 5,035 linhas, 3208.6 ms
2026-07-22 14:08:27 | INFO     | logger:33 | Planilha: ecg.xlsx | 5,035 linhas x 136 colunas
2026-07-22 14:08:28 | INFO     | logger:38 | Filtros: 5,035 -> 5,016 (99.6%)
2026-07-22 14:08:30 | INFO     | logger:42 | Indicadores: 5016 exames, 151 mun, 409 arr
2026-07-22 14:08:34 | INFO     | logger:54 | [PIPELINE] Tempo total: 10985.9 ms
2026-07-22 14:26:06 | INFO     | app:26 | Iniciando Painel Inteligente de Vigilancia Cardiovascular v3.6.1
2026-07-22 14:26:10 | INFO     | cache:20 | [CACHE] cached_load: 5,035 linhas, 3218.9 ms
2026-07-22 14:26:10 | INFO     | logger:33 | Planilha: ecg.xlsx | 5,035 linhas x 136 colunas
2026-07-22 14:26:11 | INFO     | logger:38 | Filtros: 5,035 -> 5,016 (99.6%)
2026-07-22 14:26:13 | INFO     | logger:42 | Indicadores: 5016 exames, 151 mun, 409 arr
2026-07-22 14:26:17 | INFO     | logger:54 | [PIPELINE] Tempo total: 10998.5 ms
2026-07-22 14:32:49 | INFO     | app:26 | Iniciando Painel Inteligente de Vigilancia Cardiovascular v3.6.1
2026-07-22 14:32:53 | INFO     | cache:20 | [CACHE] cached_load: 5,035 linhas, 3310.1 ms
2026-07-22 14:32:53 | INFO     | logger:33 | Planilha: ecg.xlsx | 5,035 linhas x 136 colunas
2026-07-22 14:32:54 | INFO     | logger:38 | Filtros: 5,035 -> 5,016 (99.6%)
2026-07-22 14:32:56 | INFO     | logger:42 | Indicadores: 5016 exames, 151 mun, 409 arr
2026-07-22 14:33:00 | INFO     | logger:54 | [PIPELINE] Tempo total: 11269.8 ms
2026-07-22 14:36:04 | INFO     | app:26 | Iniciando Painel Inteligente de Vigilancia Cardiovascular v3.6.1
2026-07-22 14:36:08 | INFO     | cache:20 | [CACHE] cached_load: 5,035 linhas, 2972.2 ms
2026-07-22 14:36:08 | INFO     | logger:33 | Planilha: ecg.xlsx | 5,035 linhas x 136 colunas
2026-07-22 14:36:09 | INFO     | logger:38 | Filtros: 5,035 -> 5,016 (99.6%)
2026-07-22 14:36:11 | INFO     | logger:42 | Indicadores: 5016 exames, 151 mun, 409 arr
2026-07-22 14:36:15 | INFO     | logger:54 | [PIPELINE] Tempo total: 10701.5 ms
2026-07-22 14:45:03 | INFO     | app:26 | Iniciando Painel Inteligente de Vigilancia Cardiovascular v3.6.1
2026-07-22 14:45:03 | INFO     | app:26 | Iniciando Painel Inteligente de Vigilancia Cardiovascular v3.6.1
2026-07-22 14:45:07 | INFO     | cache:20 | [CACHE] cached_load: 5,035 linhas, 3186.7 ms
2026-07-22 14:45:07 | INFO     | logger:33 | Planilha: ecg.xlsx | 5,035 linhas x 136 colunas
2026-07-22 14:45:08 | INFO     | logger:38 | Filtros: 5,035 -> 5,016 (99.6%)
2026-07-22 14:45:10 | INFO     | logger:42 | Indicadores: 5016 exames, 151 mun, 409 arr
2026-07-22 14:49:27 | INFO     | app:26 | Iniciando Painel Inteligente de Vigilancia Cardiovascular v3.6.1
2026-07-22 14:49:31 | INFO     | cache:20 | [CACHE] cached_load: 5,035 linhas, 3069.0 ms
2026-07-22 14:49:31 | INFO     | logger:33 | Planilha: ecg.xlsx | 5,035 linhas x 136 colunas
2026-07-22 14:49:32 | INFO     | logger:38 | Filtros: 5,035 -> 5,016 (99.6%)
2026-07-22 14:49:34 | INFO     | logger:42 | Indicadores: 5016 exames, 151 mun, 409 arr
2026-07-22 14:49:38 | INFO     | logger:54 | [PIPELINE] Tempo total: 10958.0 ms
2026-07-22 14:54:29 | INFO     | app:26 | Iniciando Painel Inteligente de Vigilancia Cardiovascular v3.6.1
2026-07-22 14:54:30 | INFO     | app:26 | Iniciando Painel Inteligente de Vigilancia Cardiovascular v3.6.1
2026-07-22 14:54:33 | INFO     | cache:20 | [CACHE] cached_load: 5,035 linhas, 3144.9 ms
2026-07-22 14:54:33 | INFO     | logger:33 | Planilha: ecg.xlsx | 5,035 linhas x 136 colunas
2026-07-22 14:54:34 | INFO     | logger:38 | Filtros: 5,035 -> 5,016 (99.6%)
2026-07-22 14:54:36 | INFO     | logger:42 | Indicadores: 5016 exames, 151 mun, 409 arr
2026-07-22 14:54:40 | INFO     | logger:54 | [PIPELINE] Tempo total: 10850.4 ms
2026-07-22 15:02:15 | INFO     | app:26 | Iniciando Painel Inteligente de Vigilancia Cardiovascular v3.6.1
2026-07-22 15:02:15 | INFO     | app:26 | Iniciando Painel Inteligente de Vigilancia Cardiovascular v3.6.1
2026-07-22 15:02:19 | INFO     | cache:20 | [CACHE] cached_load: 5,035 linhas, 3248.5 ms
2026-07-22 15:02:19 | INFO     | logger:33 | Planilha: ecg.xlsx | 5,035 linhas x 136 colunas
2026-07-22 15:02:19 | INFO     | logger:33 | Planilha: ecg.xlsx | 5,035 linhas x 136 colunas
2026-07-22 15:02:20 | INFO     | logger:38 | Filtros: 5,035 -> 5,016 (99.6%)
2026-07-22 15:02:20 | INFO     | logger:38 | Filtros: 5,035 -> 5,016 (99.6%)
2026-07-22 15:02:26 | INFO     | logger:42 | Indicadores: 5016 exames, 151 mun, 409 arr
2026-07-22 15:02:26 | INFO     | logger:42 | Indicadores: 5016 exames, 151 mun, 409 arr
2026-07-22 15:04:28 | INFO     | app:26 | Iniciando Painel Inteligente de Vigilancia Cardiovascular v3.6.1
2026-07-22 15:04:31 | INFO     | cache:20 | [CACHE] cached_load: 5,035 linhas, 3071.2 ms
2026-07-22 15:04:31 | INFO     | logger:33 | Planilha: ecg.xlsx | 5,035 linhas x 136 colunas
2026-07-22 15:04:32 | INFO     | logger:38 | Filtros: 5,035 -> 5,016 (99.6%)
2026-07-22 15:04:34 | INFO     | logger:42 | Indicadores: 5016 exames, 151 mun, 409 arr
2026-07-22 15:04:39 | INFO     | logger:54 | [PIPELINE] Tempo total: 10946.5 ms
2026-07-22 15:07:24 | INFO     | app:26 | Iniciando Painel Inteligente de Vigilancia Cardiovascular v3.6.1
2026-07-22 15:07:24 | INFO     | app:26 | Iniciando Painel Inteligente de Vigilancia Cardiovascular v3.6.1
2026-07-22 15:07:28 | INFO     | cache:20 | [CACHE] cached_load: 5,035 linhas, 3072.3 ms
2026-07-22 15:07:28 | INFO     | logger:33 | Planilha: ecg.xlsx | 5,035 linhas x 136 colunas
2026-07-22 15:07:28 | INFO     | logger:33 | Planilha: ecg.xlsx | 5,035 linhas x 136 colunas
2026-07-22 15:07:29 | INFO     | logger:38 | Filtros: 5,035 -> 5,016 (99.6%)
2026-07-22 15:07:29 | INFO     | logger:38 | Filtros: 5,035 -> 5,016 (99.6%)
2026-07-22 15:07:35 | INFO     | logger:42 | Indicadores: 5016 exames, 151 mun, 409 arr
2026-07-22 15:07:35 | INFO     | logger:42 | Indicadores: 5016 exames, 151 mun, 409 arr
2026-07-22 15:07:39 | INFO     | logger:54 | [PIPELINE] Tempo total: 15080.9 ms
2026-07-22 15:08:38 | INFO     | app:26 | Iniciando Painel Inteligente de Vigilancia Cardiovascular v3.6.1
2026-07-22 15:08:38 | INFO     | logger:33 | Planilha: ecg.xlsx | 5,035 linhas x 136 colunas
2026-07-22 15:08:38 | INFO     | logger:38 | Filtros: 5,035 -> 5,016 (99.6%)
2026-07-22 15:08:40 | INFO     | logger:42 | Indicadores: 5016 exames, 151 mun, 409 arr
2026-07-22 15:08:43 | INFO     | logger:54 | [PIPELINE] Tempo total: 5365.8 ms
2026-07-22 15:08:48 | INFO     | app:26 | Iniciando Painel Inteligente de Vigilancia Cardiovascular v3.6.1
2026-07-22 15:08:48 | INFO     | logger:33 | Planilha: ecg.xlsx | 5,035 linhas x 136 colunas
2026-07-22 15:08:48 | INFO     | logger:38 | Filtros: 5,035 -> 5,016 (99.6%)
2026-07-22 15:08:50 | INFO     | logger:42 | Indicadores: 5016 exames, 151 mun, 409 arr
2026-07-22 15:08:54 | INFO     | logger:54 | [PIPELINE] Tempo total: 5376.9 ms
2026-07-22 15:09:00 | INFO     | app:26 | Iniciando Painel Inteligente de Vigilancia Cardiovascular v3.6.1
2026-07-22 15:09:00 | INFO     | logger:33 | Planilha: ecg.xlsx | 5,035 linhas x 136 colunas
2026-07-22 15:09:00 | INFO     | logger:38 | Filtros: 5,035 -> 5,016 (99.6%)
2026-07-22 15:09:02 | INFO     | logger:42 | Indicadores: 5016 exames, 151 mun, 409 arr
2026-07-22 15:09:05 | INFO     | logger:54 | [PIPELINE] Tempo total: 5262.1 ms
2026-07-22 15:14:16 | INFO     | app:26 | Iniciando Painel Inteligente de Vigilancia Cardiovascular v3.6.1
2026-07-22 15:14:16 | INFO     | logger:33 | Planilha: ecg.xlsx | 5,035 linhas x 136 colunas
2026-07-22 15:14:16 | INFO     | logger:38 | Filtros: 5,035 -> 5,016 (99.6%)
2026-07-22 15:14:18 | INFO     | logger:42 | Indicadores: 5016 exames, 151 mun, 409 arr
2026-07-22 15:14:22 | INFO     | logger:54 | [PIPELINE] Tempo total: 5621.4 ms
2026-07-22 15:14:31 | INFO     | app:26 | Iniciando Painel Inteligente de Vigilancia Cardiovascular v3.6.1
2026-07-22 15:14:31 | INFO     | logger:33 | Planilha: ecg.xlsx | 5,035 linhas x 136 colunas
2026-07-22 15:14:31 | INFO     | logger:38 | Filtros: 5,035 -> 5,016 (99.6%)
2026-07-22 15:14:33 | INFO     | logger:42 | Indicadores: 5016 exames, 151 mun, 409 arr
2026-07-22 15:14:36 | INFO     | logger:54 | [PIPELINE] Tempo total: 5330.5 ms
2026-07-22 15:15:25 | INFO     | app:26 | Iniciando Painel Inteligente de Vigilancia Cardiovascular v3.6.1
2026-07-22 15:15:29 | INFO     | cache:20 | [CACHE] cached_load: 5,035 linhas, 2967.7 ms
2026-07-22 15:15:29 | INFO     | logger:33 | Planilha: ecg.xlsx | 5,035 linhas x 136 colunas
2026-07-22 15:15:30 | INFO     | logger:38 | Filtros: 5,035 -> 5,016 (99.6%)
2026-07-22 15:15:32 | INFO     | logger:42 | Indicadores: 5016 exames, 151 mun, 409 arr
2026-07-22 15:15:36 | INFO     | logger:54 | [PIPELINE] Tempo total: 10825.9 ms
2026-07-22 15:15:46 | INFO     | app:26 | Iniciando Painel Inteligente de Vigilancia Cardiovascular v3.6.1
2026-07-22 15:15:46 | INFO     | logger:33 | Planilha: ecg.xlsx | 5,035 linhas x 136 colunas
2026-07-22 15:15:46 | INFO     | logger:38 | Filtros: 5,035 -> 5,016 (99.6%)
2026-07-22 15:15:48 | INFO     | logger:42 | Indicadores: 5016 exames, 151 mun, 409 arr
2026-07-22 15:15:51 | INFO     | logger:54 | [PIPELINE] Tempo total: 5601.9 ms
2026-07-22 15:16:09 | INFO     | app:26 | Iniciando Painel Inteligente de Vigilancia Cardiovascular v3.6.1
2026-07-22 15:16:09 | INFO     | logger:33 | Planilha: ecg.xlsx | 5,035 linhas x 136 colunas
2026-07-22 15:16:09 | INFO     | logger:38 | Filtros: 5,035 -> 5,016 (99.6%)
2026-07-22 15:16:11 | INFO     | logger:42 | Indicadores: 5016 exames, 151 mun, 409 arr
2026-07-22 15:16:15 | INFO     | logger:54 | [PIPELINE] Tempo total: 5443.7 ms
2026-07-22 15:16:23 | INFO     | app:26 | Iniciando Painel Inteligente de Vigilancia Cardiovascular v3.6.1
2026-07-22 15:16:23 | INFO     | logger:33 | Planilha: ecg.xlsx | 5,035 linhas x 136 colunas
2026-07-22 15:16:23 | INFO     | logger:38 | Filtros: 5,035 -> 5,016 (99.6%)
2026-07-22 15:16:25 | INFO     | logger:42 | Indicadores: 5016 exames, 151 mun, 409 arr
2026-07-22 15:16:28 | INFO     | logger:54 | [PIPELINE] Tempo total: 5496.7 ms
2026-07-22 15:19:04 | INFO     | app:26 | Iniciando Painel Inteligente de Vigilancia Cardiovascular v3.6.1
2026-07-22 15:19:04 | INFO     | logger:33 | Planilha: ecg.xlsx | 5,035 linhas x 136 colunas
2026-07-22 15:19:04 | INFO     | logger:38 | Filtros: 5,035 -> 5,016 (99.6%)
2026-07-22 15:19:06 | INFO     | logger:42 | Indicadores: 5016 exames, 151 mun, 409 arr
2026-07-22 15:19:10 | INFO     | logger:54 | [PIPELINE] Tempo total: 6428.9 ms
2026-07-22 15:19:27 | INFO     | app:26 | Iniciando Painel Inteligente de Vigilancia Cardiovascular v3.6.1
2026-07-22 15:19:27 | INFO     | logger:33 | Planilha: ecg.xlsx | 5,035 linhas x 136 colunas
2026-07-22 15:19:27 | INFO     | logger:38 | Filtros: 5,035 -> 5,016 (99.6%)
2026-07-22 15:19:29 | INFO     | logger:42 | Indicadores: 5016 exames, 151 mun, 409 arr
2026-07-22 15:19:33 | INFO     | logger:54 | [PIPELINE] Tempo total: 5961.9 ms
2026-07-22 15:37:15 | INFO     | app:26 | Iniciando Painel Inteligente de Vigilancia Cardiovascular v3.6.1
2026-07-22 15:37:15 | INFO     | logger:33 | Planilha: ecg.xlsx | 5,035 linhas x 136 colunas
2026-07-22 15:37:15 | INFO     | logger:38 | Filtros: 5,035 -> 5,016 (99.6%)
2026-07-22 15:37:18 | INFO     | logger:42 | Indicadores: 5016 exames, 151 mun, 409 arr
2026-07-22 15:37:21 | INFO     | logger:54 | [PIPELINE] Tempo total: 5727.6 ms
2026-07-22 15:37:24 | INFO     | app:26 | Iniciando Painel Inteligente de Vigilancia Cardiovascular v3.6.1
2026-07-22 15:37:24 | INFO     | logger:33 | Planilha: ecg.xlsx | 5,035 linhas x 136 colunas
2026-07-22 15:37:24 | INFO     | logger:38 | Filtros: 5,035 -> 5,016 (99.6%)
2026-07-22 15:37:26 | INFO     | logger:42 | Indicadores: 5016 exames, 151 mun, 409 arr
2026-07-22 15:37:29 | INFO     | logger:54 | [PIPELINE] Tempo total: 5352.1 ms
2026-07-22 15:37:53 | INFO     | app:26 | Iniciando Painel Inteligente de Vigilancia Cardiovascular v3.6.1
2026-07-22 15:37:53 | INFO     | logger:33 | Planilha: ecg.xlsx | 5,035 linhas x 136 colunas
2026-07-22 15:37:53 | INFO     | logger:38 | Filtros: 5,035 -> 5,016 (99.6%)
2026-07-22 15:37:55 | INFO     | logger:42 | Indicadores: 5016 exames, 151 mun, 409 arr
2026-07-22 15:37:58 | INFO     | logger:54 | [PIPELINE] Tempo total: 5793.6 ms
2026-07-22 15:39:50 | INFO     | app:26 | Iniciando Painel Inteligente de Vigilancia Cardiovascular v3.6.1
2026-07-22 15:39:50 | INFO     | logger:33 | Planilha: ecg.xlsx | 5,035 linhas x 136 colunas
2026-07-22 15:39:50 | INFO     | logger:38 | Filtros: 5,035 -> 5,016 (99.6%)
2026-07-22 15:39:52 | INFO     | logger:42 | Indicadores: 5016 exames, 151 mun, 409 arr
2026-07-22 15:39:55 | INFO     | logger:54 | [PIPELINE] Tempo total: 5507.3 ms
2026-07-22 16:23:56 | INFO     | app:26 | Iniciando Painel Inteligente de Vigilancia Cardiovascular v3.6.1
2026-07-22 16:23:59 | INFO     | cache:20 | [CACHE] cached_load: 5,035 linhas, 2423.3 ms
2026-07-22 16:23:59 | INFO     | logger:33 | Planilha: ecg.xlsx | 5,035 linhas x 136 colunas
2026-07-22 16:26:59 | INFO     | app:26 | Iniciando Painel Inteligente de Vigilancia Cardiovascular v3.6.1
2026-07-22 16:27:02 | INFO     | cache:20 | [CACHE] cached_load: 5,035 linhas, 2492.6 ms
2026-07-22 16:27:02 | INFO     | logger:33 | Planilha: ecg.xlsx | 5,035 linhas x 136 colunas
2026-07-22 16:27:03 | INFO     | logger:38 | Filtros: 5,035 -> 5,016 (99.6%)
2026-07-22 16:27:05 | INFO     | logger:42 | Indicadores: 5016 exames, 151 mun, 409 arr
2026-07-22 16:31:19 | INFO     | app:26 | Iniciando Painel Inteligente de Vigilancia Cardiovascular v3.6.1
2026-07-22 16:31:22 | INFO     | cache:20 | [CACHE] cached_load: 5,035 linhas, 2469.1 ms
2026-07-22 16:31:22 | INFO     | logger:33 | Planilha: ecg.xlsx | 5,035 linhas x 136 colunas
2026-07-22 16:31:23 | INFO     | logger:38 | Filtros: 5,035 -> 5,016 (99.6%)
2026-07-22 16:31:24 | INFO     | logger:42 | Indicadores: 5016 exames, 151 mun, 409 arr
2026-07-22 16:33:38 | INFO     | app:26 | Iniciando Painel Inteligente de Vigilancia Cardiovascular v3.6.1
2026-07-22 16:33:43 | INFO     | cache:20 | [CACHE] cached_load: 5,035 linhas, 2475.8 ms
2026-07-22 16:33:43 | INFO     | logger:33 | Planilha: ecg.xlsx | 5,035 linhas x 136 colunas
2026-07-22 16:33:47 | INFO     | logger:38 | Filtros: 5,035 -> 5,016 (99.6%)
2026-07-22 16:33:49 | INFO     | logger:42 | Indicadores: 5016 exames, 151 mun, 409 arr
2026-07-22 16:33:53 | INFO     | logger:54 | [PIPELINE] Tempo total: 14507.9 ms
2026-07-22 16:37:20 | INFO     | app:26 | Iniciando Painel Inteligente de Vigilancia Cardiovascular v3.6.1
2026-07-22 16:37:23 | INFO     | cache:20 | [CACHE] cached_load: 5,035 linhas, 2657.1 ms
2026-07-22 16:37:23 | INFO     | logger:33 | Planilha: ecg.xlsx | 5,035 linhas x 136 colunas
2026-07-22 16:37:24 | INFO     | logger:38 | Filtros: 5,035 -> 5,016 (99.6%)
2026-07-22 16:37:25 | INFO     | logger:42 | Indicadores: 5016 exames, 151 mun, 409 arr
2026-07-22 16:38:40 | INFO     | app:26 | Iniciando Painel Inteligente de Vigilancia Cardiovascular v3.6.1
2026-07-22 16:38:42 | INFO     | cache:20 | [CACHE] cached_load: 5,035 linhas, 2303.5 ms
2026-07-22 16:38:42 | INFO     | logger:33 | Planilha: ecg.xlsx | 5,035 linhas x 136 colunas
2026-07-22 16:38:42 | INFO     | logger:38 | Filtros: 5,035 -> 5,016 (99.6%)
2026-07-22 16:38:43 | INFO     | logger:42 | Indicadores: 5016 exames, 151 mun, 409 arr
2026-07-22 16:38:47 | INFO     | logger:54 | [PIPELINE] Tempo total: 7166.1 ms
2026-07-22 16:39:54 | INFO     | app:26 | Iniciando Painel Inteligente de Vigilancia Cardiovascular v3.6.1
2026-07-22 16:39:57 | INFO     | cache:20 | [CACHE] cached_load: 5,035 linhas, 2572.7 ms
2026-07-22 16:39:57 | INFO     | logger:33 | Planilha: ecg.xlsx | 5,035 linhas x 136 colunas
2026-07-22 16:39:58 | INFO     | logger:38 | Filtros: 5,035 -> 5,016 (99.6%)
2026-07-22 16:40:00 | INFO     | logger:42 | Indicadores: 5016 exames, 151 mun, 409 arr
2026-07-22 16:40:03 | INFO     | logger:54 | [PIPELINE] Tempo total: 8835.9 ms
2026-07-22 16:41:22 | INFO     | app:26 | Iniciando Painel Inteligente de Vigilancia Cardiovascular v3.6.1
2026-07-22 16:41:22 | INFO     | logger:33 | Planilha: ecg.xlsx | 5,035 linhas x 136 colunas
2026-07-22 16:41:22 | INFO     | logger:38 | Filtros: 5,035 -> 5,016 (99.6%)
2026-07-22 16:41:23 | INFO     | logger:42 | Indicadores: 5016 exames, 151 mun, 409 arr
2026-07-22 16:41:26 | INFO     | logger:54 | [PIPELINE] Tempo total: 4500.3 ms
2026-07-22 16:43:35 | INFO     | app:26 | Iniciando Painel Inteligente de Vigilancia Cardiovascular v3.6.1
2026-07-22 16:43:38 | INFO     | cache:20 | [CACHE] cached_load: 5,035 linhas, 2491.4 ms
2026-07-22 16:43:38 | INFO     | logger:33 | Planilha: ecg.xlsx | 5,035 linhas x 136 colunas
2026-07-22 16:43:39 | INFO     | logger:38 | Filtros: 5,035 -> 5,016 (99.6%)
2026-07-22 16:43:40 | INFO     | logger:42 | Indicadores: 5016 exames, 151 mun, 409 arr
2026-07-22 16:43:44 | INFO     | logger:54 | [PIPELINE] Tempo total: 8670.2 ms
2026-07-22 16:43:54 | INFO     | app:26 | Iniciando Painel Inteligente de Vigilancia Cardiovascular v3.6.1
2026-07-22 16:43:54 | INFO     | logger:33 | Planilha: ecg.xlsx | 5,035 linhas x 136 colunas
2026-07-22 16:43:54 | INFO     | logger:38 | Filtros: 5,035 -> 5,016 (99.6%)
2026-07-22 16:43:56 | INFO     | logger:42 | Indicadores: 5016 exames, 151 mun, 409 arr
2026-07-22 16:43:58 | INFO     | logger:54 | [PIPELINE] Tempo total: 4515.8 ms
2026-07-22 17:01:46 | INFO     | app:26 | Iniciando Painel Inteligente de Vigilancia Cardiovascular v3.6.1
2026-07-22 17:01:49 | INFO     | cache:20 | [CACHE] cached_load: 5,035 linhas, 2560.2 ms
2026-07-22 17:01:49 | INFO     | logger:33 | Planilha: ecg.xlsx | 5,035 linhas x 136 colunas
2026-07-22 17:01:50 | INFO     | logger:38 | Filtros: 5,035 -> 5,016 (99.6%)
2026-07-22 17:01:52 | INFO     | logger:42 | Indicadores: 5016 exames, 151 mun, 409 arr
2026-07-22 17:01:56 | INFO     | logger:54 | [PIPELINE] Tempo total: 9738.6 ms
2026-07-22 17:01:59 | INFO     | app:26 | Iniciando Painel Inteligente de Vigilancia Cardiovascular v3.6.1
2026-07-22 17:01:59 | INFO     | logger:33 | Planilha: ecg.xlsx | 5,035 linhas x 136 colunas
2026-07-22 17:02:00 | INFO     | logger:38 | Filtros: 5,035 -> 5,016 (99.6%)
2026-07-22 17:02:01 | INFO     | logger:42 | Indicadores: 5016 exames, 151 mun, 409 arr
2026-07-22 17:02:04 | INFO     | logger:54 | [PIPELINE] Tempo total: 4986.6 ms
2026-07-22 17:05:59 | INFO     | app:26 | Iniciando Painel Inteligente de Vigilancia Cardiovascular v3.6.1
2026-07-22 17:06:00 | INFO     | app:26 | Iniciando Painel Inteligente de Vigilancia Cardiovascular v3.6.1
2026-07-22 17:06:03 | INFO     | cache:20 | [CACHE] cached_load: 5,035 linhas, 2683.8 ms
2026-07-22 17:06:03 | INFO     | logger:33 | Planilha: ecg.xlsx | 5,035 linhas x 136 colunas
2026-07-22 17:06:04 | INFO     | logger:38 | Filtros: 5,035 -> 5,016 (99.6%)
2026-07-22 17:06:05 | INFO     | logger:42 | Indicadores: 5016 exames, 151 mun, 409 arr
2026-07-22 17:06:11 | INFO     | app:26 | Iniciando Painel Inteligente de Vigilancia Cardiovascular v3.6.1
2026-07-22 17:06:11 | INFO     | logger:33 | Planilha: ecg.xlsx | 5,035 linhas x 136 colunas
2026-07-22 17:06:11 | INFO     | logger:38 | Filtros: 5,035 -> 5,016 (99.6%)
2026-07-22 17:06:12 | INFO     | logger:42 | Indicadores: 5016 exames, 151 mun, 409 arr
2026-07-22 17:07:53 | INFO     | app:26 | Iniciando Painel Inteligente de Vigilancia Cardiovascular v3.6.1
2026-07-22 17:07:56 | INFO     | cache:20 | [CACHE] cached_load: 5,035 linhas, 2670.0 ms
2026-07-22 17:07:56 | INFO     | logger:33 | Planilha: ecg.xlsx | 5,035 linhas x 136 colunas
2026-07-22 17:07:57 | INFO     | logger:38 | Filtros: 5,035 -> 5,016 (99.6%)
2026-07-22 17:07:58 | INFO     | logger:42 | Indicadores: 5016 exames, 151 mun, 409 arr
2026-07-22 17:08:02 | INFO     | logger:54 | [PIPELINE] Tempo total: 9220.1 ms
2026-07-22 17:08:10 | INFO     | app:26 | Iniciando Painel Inteligente de Vigilancia Cardiovascular v3.6.1
2026-07-22 17:08:10 | INFO     | logger:33 | Planilha: ecg.xlsx | 5,035 linhas x 136 colunas
2026-07-22 17:08:10 | INFO     | logger:38 | Filtros: 5,035 -> 5,016 (99.6%)
2026-07-22 17:08:11 | INFO     | logger:42 | Indicadores: 5016 exames, 151 mun, 409 arr
2026-07-22 17:08:14 | INFO     | logger:54 | [PIPELINE] Tempo total: 4666.7 ms
2026-07-22 17:14:19 | INFO     | app:26 | Iniciando Painel Inteligente de Vigilancia Cardiovascular v3.6.1
2026-07-22 17:14:22 | INFO     | cache:20 | [CACHE] cached_load: 5,035 linhas, 2581.1 ms
2026-07-22 17:14:22 | INFO     | logger:33 | Planilha: ecg.xlsx | 5,035 linhas x 136 colunas
2026-07-22 17:14:23 | INFO     | logger:38 | Filtros: 5,035 -> 5,016 (99.6%)
2026-07-22 17:14:25 | INFO     | logger:42 | Indicadores: 5016 exames, 151 mun, 409 arr
2026-07-22 17:16:09 | INFO     | app:26 | Iniciando Painel Inteligente de Vigilancia Cardiovascular v3.6.1
2026-07-22 17:16:12 | INFO     | cache:20 | [CACHE] cached_load: 5,035 linhas, 2590.5 ms
2026-07-22 17:16:12 | INFO     | logger:33 | Planilha: ecg.xlsx | 5,035 linhas x 136 colunas
2026-07-22 17:16:13 | INFO     | logger:38 | Filtros: 5,035 -> 5,016 (99.6%)
2026-07-22 17:16:14 | INFO     | logger:42 | Indicadores: 5016 exames, 151 mun, 409 arr
2026-07-22 17:16:18 | INFO     | logger:54 | [PIPELINE] Tempo total: 9195.9 ms
2026-07-22 17:16:20 | INFO     | app:26 | Iniciando Painel Inteligente de Vigilancia Cardiovascular v3.6.1
2026-07-22 17:16:20 | INFO     | logger:33 | Planilha: ecg.xlsx | 5,035 linhas x 136 colunas
2026-07-22 17:16:20 | INFO     | logger:38 | Filtros: 5,035 -> 5,016 (99.6%)
2026-07-22 17:16:22 | INFO     | logger:42 | Indicadores: 5016 exames, 151 mun, 409 arr
2026-07-22 17:16:25 | INFO     | logger:54 | [PIPELINE] Tempo total: 4676.0 ms
2026-07-22 17:22:32 | INFO     | app:26 | Iniciando Painel Inteligente de Vigilancia Cardiovascular v3.6.1
2026-07-22 17:22:36 | INFO     | cache:20 | [CACHE] cached_load: 5,035 linhas, 2619.5 ms
2026-07-22 17:22:36 | INFO     | logger:33 | Planilha: ecg.xlsx | 5,035 linhas x 136 colunas
2026-07-22 17:22:36 | INFO     | logger:38 | Filtros: 5,035 -> 5,016 (99.6%)
2026-07-22 17:22:38 | INFO     | logger:42 | Indicadores: 5016 exames, 151 mun, 409 arr
2026-07-22 17:22:41 | INFO     | logger:54 | [PIPELINE] Tempo total: 9140.3 ms
2026-07-22 17:22:50 | INFO     | app:26 | Iniciando Painel Inteligente de Vigilancia Cardiovascular v3.6.1
2026-07-22 17:22:50 | INFO     | logger:33 | Planilha: ecg.xlsx | 5,035 linhas x 136 colunas
2026-07-22 17:22:50 | INFO     | logger:38 | Filtros: 5,035 -> 5,016 (99.6%)
2026-07-22 17:22:52 | INFO     | logger:42 | Indicadores: 5016 exames, 151 mun, 409 arr
2026-07-22 17:22:55 | INFO     | logger:54 | [PIPELINE] Tempo total: 4600.5 ms
2026-07-22 17:28:06 | INFO     | app:26 | Iniciando Painel Inteligente de Vigilancia Cardiovascular v3.6.1
2026-07-22 17:28:09 | INFO     | cache:20 | [CACHE] cached_load: 5,035 linhas, 2410.8 ms
2026-07-22 17:28:09 | INFO     | logger:33 | Planilha: ecg.xlsx | 5,035 linhas x 136 colunas
2026-07-22 17:28:10 | INFO     | logger:38 | Filtros: 5,035 -> 5,016 (99.6%)
2026-07-22 17:28:11 | INFO     | logger:42 | Indicadores: 5016 exames, 151 mun, 409 arr
2026-07-22 17:28:15 | INFO     | logger:54 | [PIPELINE] Tempo total: 8685.5 ms
2026-07-22 17:28:21 | INFO     | app:26 | Iniciando Painel Inteligente de Vigilancia Cardiovascular v3.6.1
2026-07-22 17:28:21 | INFO     | logger:33 | Planilha: ecg.xlsx | 5,035 linhas x 136 colunas
2026-07-22 17:28:21 | INFO     | logger:38 | Filtros: 5,035 -> 5,016 (99.6%)
2026-07-22 17:28:23 | INFO     | logger:42 | Indicadores: 5016 exames, 151 mun, 409 arr
2026-07-22 17:28:26 | INFO     | logger:54 | [PIPELINE] Tempo total: 4433.0 ms
2026-07-22 17:32:22 | INFO     | app:26 | Iniciando Painel Inteligente de Vigilancia Cardiovascular v3.6.1
2026-07-22 17:32:25 | INFO     | cache:20 | [CACHE] cached_load: 5,035 linhas, 2513.1 ms
2026-07-22 17:32:25 | INFO     | logger:33 | Planilha: ecg.xlsx | 5,035 linhas x 136 colunas
2026-07-22 17:32:26 | INFO     | logger:38 | Filtros: 5,035 -> 5,016 (99.6%)
2026-07-22 17:32:27 | INFO     | logger:42 | Indicadores: 5016 exames, 151 mun, 409 arr
2026-07-22 17:32:31 | INFO     | logger:54 | [PIPELINE] Tempo total: 8729.6 ms
2026-07-22 17:32:35 | INFO     | app:26 | Iniciando Painel Inteligente de Vigilancia Cardiovascular v3.6.1
2026-07-22 17:32:35 | INFO     | logger:33 | Planilha: ecg.xlsx | 5,035 linhas x 136 colunas
2026-07-22 17:32:35 | INFO     | logger:38 | Filtros: 5,035 -> 5,016 (99.6%)
2026-07-22 17:32:37 | INFO     | logger:42 | Indicadores: 5016 exames, 151 mun, 409 arr
2026-07-22 17:32:39 | INFO     | logger:54 | [PIPELINE] Tempo total: 4688.9 ms
2026-07-22 17:35:57 | INFO     | app:26 | Iniciando Painel Inteligente de Vigilancia Cardiovascular v3.6.1
2026-07-22 17:36:00 | INFO     | cache:20 | [CACHE] cached_load: 5,035 linhas, 2432.4 ms
2026-07-22 17:36:00 | INFO     | logger:33 | Planilha: ecg.xlsx | 5,035 linhas x 136 colunas
2026-07-22 17:36:01 | INFO     | logger:38 | Filtros: 5,035 -> 5,016 (99.6%)
2026-07-22 17:36:02 | INFO     | logger:42 | Indicadores: 5016 exames, 151 mun, 409 arr
2026-07-22 17:36:06 | INFO     | app:26 | Iniciando Painel Inteligente de Vigilancia Cardiovascular v3.6.1
2026-07-22 17:36:06 | INFO     | logger:33 | Planilha: ecg.xlsx | 5,035 linhas x 136 colunas
2026-07-22 17:36:06 | INFO     | logger:38 | Filtros: 5,035 -> 5,016 (99.6%)
2026-07-22 17:36:08 | INFO     | logger:42 | Indicadores: 5016 exames, 151 mun, 409 arr
2026-07-22 17:36:11 | INFO     | logger:54 | [PIPELINE] Tempo total: 4678.5 ms
2026-07-22 17:36:19 | INFO     | app:26 | Iniciando Painel Inteligente de Vigilancia Cardiovascular v3.6.1
2026-07-22 17:36:19 | INFO     | logger:33 | Planilha: ecg.xlsx | 5,035 linhas x 136 colunas
2026-07-22 17:36:19 | INFO     | logger:38 | Filtros: 5,035 -> 5,016 (99.6%)
2026-07-22 17:36:21 | INFO     | logger:42 | Indicadores: 5016 exames, 151 mun, 409 arr
2026-07-22 17:36:21 | INFO     | app:26 | Iniciando Painel Inteligente de Vigilancia Cardiovascular v3.6.1
2026-07-22 17:36:21 | INFO     | logger:33 | Planilha: ecg.xlsx | 5,035 linhas x 136 colunas
2026-07-22 17:36:21 | INFO     | logger:38 | Filtros: 5,035 -> 5,016 (99.6%)
2026-07-22 17:36:23 | INFO     | logger:42 | Indicadores: 5016 exames, 151 mun, 409 arr
2026-07-22 17:36:23 | INFO     | app:26 | Iniciando Painel Inteligente de Vigilancia Cardiovascular v3.6.1
2026-07-22 17:36:23 | INFO     | logger:33 | Planilha: ecg.xlsx | 5,035 linhas x 136 colunas
2026-07-22 17:36:23 | INFO     | logger:38 | Filtros: 5,035 -> 5,016 (99.6%)
2026-07-22 17:36:25 | INFO     | logger:42 | Indicadores: 5016 exames, 151 mun, 409 arr
2026-07-22 17:36:25 | INFO     | app:26 | Iniciando Painel Inteligente de Vigilancia Cardiovascular v3.6.1
2026-07-22 17:36:25 | INFO     | logger:33 | Planilha: ecg.xlsx | 5,035 linhas x 136 colunas
2026-07-22 17:36:25 | INFO     | logger:38 | Filtros: 5,035 -> 5,016 (99.6%)
2026-07-22 17:36:26 | INFO     | logger:42 | Indicadores: 5016 exames, 151 mun, 409 arr
2026-07-22 17:36:27 | INFO     | app:26 | Iniciando Painel Inteligente de Vigilancia Cardiovascular v3.6.1
2026-07-22 17:36:27 | INFO     | logger:33 | Planilha: ecg.xlsx | 5,035 linhas x 136 colunas
2026-07-22 17:36:27 | INFO     | logger:38 | Filtros: 5,035 -> 5,016 (99.6%)
2026-07-22 17:36:28 | INFO     | logger:42 | Indicadores: 5016 exames, 151 mun, 409 arr
2026-07-22 17:36:28 | INFO     | app:26 | Iniciando Painel Inteligente de Vigilancia Cardiovascular v3.6.1
2026-07-22 17:36:28 | INFO     | logger:33 | Planilha: ecg.xlsx | 5,035 linhas x 136 colunas
2026-07-22 17:36:28 | INFO     | logger:38 | Filtros: 5,035 -> 5,016 (99.6%)
2026-07-22 17:36:30 | INFO     | logger:42 | Indicadores: 5016 exames, 151 mun, 409 arr
2026-07-22 17:36:30 | INFO     | app:26 | Iniciando Painel Inteligente de Vigilancia Cardiovascular v3.6.1
2026-07-22 17:36:30 | INFO     | logger:33 | Planilha: ecg.xlsx | 5,035 linhas x 136 colunas
2026-07-22 17:36:30 | INFO     | logger:38 | Filtros: 5,035 -> 5,016 (99.6%)
2026-07-22 17:36:32 | INFO     | logger:42 | Indicadores: 5016 exames, 151 mun, 409 arr
2026-07-22 17:36:32 | INFO     | app:26 | Iniciando Painel Inteligente de Vigilancia Cardiovascular v3.6.1
2026-07-22 17:36:32 | INFO     | logger:33 | Planilha: ecg.xlsx | 5,035 linhas x 136 colunas
2026-07-22 17:36:32 | INFO     | logger:38 | Filtros: 5,035 -> 5,016 (99.6%)
2026-07-22 17:36:34 | INFO     | logger:42 | Indicadores: 5016 exames, 151 mun, 409 arr
2026-07-22 17:36:34 | INFO     | app:26 | Iniciando Painel Inteligente de Vigilancia Cardiovascular v3.6.1
2026-07-22 17:36:34 | INFO     | logger:33 | Planilha: ecg.xlsx | 5,035 linhas x 136 colunas
2026-07-22 17:36:34 | INFO     | logger:38 | Filtros: 5,035 -> 5,016 (99.6%)
2026-07-22 17:36:36 | INFO     | logger:42 | Indicadores: 5016 exames, 151 mun, 409 arr
2026-07-22 17:36:36 | INFO     | app:26 | Iniciando Painel Inteligente de Vigilancia Cardiovascular v3.6.1
2026-07-22 17:36:36 | INFO     | logger:33 | Planilha: ecg.xlsx | 5,035 linhas x 136 colunas
2026-07-22 17:36:36 | INFO     | logger:38 | Filtros: 5,035 -> 5,016 (99.6%)
2026-07-22 17:36:37 | INFO     | logger:42 | Indicadores: 5016 exames, 151 mun, 409 arr
2026-07-22 17:36:38 | INFO     | app:26 | Iniciando Painel Inteligente de Vigilancia Cardiovascular v3.6.1
2026-07-22 17:36:38 | INFO     | logger:33 | Planilha: ecg.xlsx | 5,035 linhas x 136 colunas
2026-07-22 17:36:38 | INFO     | logger:38 | Filtros: 5,035 -> 5,016 (99.6%)
2026-07-22 17:36:39 | INFO     | logger:42 | Indicadores: 5016 exames, 151 mun, 409 arr
2026-07-22 17:36:40 | INFO     | app:26 | Iniciando Painel Inteligente de Vigilancia Cardiovascular v3.6.1
2026-07-22 17:36:40 | INFO     | logger:33 | Planilha: ecg.xlsx | 5,035 linhas x 136 colunas
2026-07-22 17:36:40 | INFO     | logger:38 | Filtros: 5,035 -> 5,016 (99.6%)
2026-07-22 17:36:41 | INFO     | logger:42 | Indicadores: 5016 exames, 151 mun, 409 arr
2026-07-22 17:36:41 | INFO     | app:26 | Iniciando Painel Inteligente de Vigilancia Cardiovascular v3.6.1
2026-07-22 17:36:41 | INFO     | logger:33 | Planilha: ecg.xlsx | 5,035 linhas x 136 colunas
2026-07-22 17:36:41 | INFO     | logger:38 | Filtros: 5,035 -> 5,016 (99.6%)
2026-07-22 17:36:43 | INFO     | logger:42 | Indicadores: 5016 exames, 151 mun, 409 arr
2026-07-22 17:36:43 | INFO     | app:26 | Iniciando Painel Inteligente de Vigilancia Cardiovascular v3.6.1
2026-07-22 17:36:43 | INFO     | logger:33 | Planilha: ecg.xlsx | 5,035 linhas x 136 colunas
2026-07-22 17:36:43 | INFO     | logger:38 | Filtros: 5,035 -> 5,016 (99.6%)
2026-07-22 17:36:45 | INFO     | logger:42 | Indicadores: 5016 exames, 151 mun, 409 arr
2026-07-22 17:36:45 | INFO     | app:26 | Iniciando Painel Inteligente de Vigilancia Cardiovascular v3.6.1
2026-07-22 17:36:45 | INFO     | logger:33 | Planilha: ecg.xlsx | 5,035 linhas x 136 colunas
2026-07-22 17:36:45 | INFO     | logger:38 | Filtros: 5,035 -> 5,016 (99.6%)
2026-07-22 17:36:47 | INFO     | logger:42 | Indicadores: 5016 exames, 151 mun, 409 arr
2026-07-22 17:36:47 | INFO     | app:26 | Iniciando Painel Inteligente de Vigilancia Cardiovascular v3.6.1
2026-07-22 17:36:47 | INFO     | logger:33 | Planilha: ecg.xlsx | 5,035 linhas x 136 colunas
2026-07-22 17:36:47 | INFO     | logger:38 | Filtros: 5,035 -> 5,016 (99.6%)
2026-07-22 17:36:48 | INFO     | logger:42 | Indicadores: 5016 exames, 151 mun, 409 arr
2026-07-22 17:36:49 | INFO     | app:26 | Iniciando Painel Inteligente de Vigilancia Cardiovascular v3.6.1
2026-07-22 17:36:49 | INFO     | logger:33 | Planilha: ecg.xlsx | 5,035 linhas x 136 colunas
2026-07-22 17:36:49 | INFO     | logger:38 | Filtros: 5,035 -> 5,016 (99.6%)
2026-07-22 17:36:50 | INFO     | logger:42 | Indicadores: 5016 exames, 151 mun, 409 arr
2026-07-22 17:36:50 | INFO     | app:26 | Iniciando Painel Inteligente de Vigilancia Cardiovascular v3.6.1
2026-07-22 17:36:50 | INFO     | logger:33 | Planilha: ecg.xlsx | 5,035 linhas x 136 colunas
2026-07-22 17:36:50 | INFO     | logger:38 | Filtros: 5,035 -> 5,016 (99.6%)
2026-07-22 17:36:52 | INFO     | logger:42 | Indicadores: 5016 exames, 151 mun, 409 arr
2026-07-22 17:36:52 | INFO     | app:26 | Iniciando Painel Inteligente de Vigilancia Cardiovascular v3.6.1
2026-07-22 17:36:52 | INFO     | logger:33 | Planilha: ecg.xlsx | 5,035 linhas x 136 colunas
2026-07-22 17:36:52 | INFO     | logger:38 | Filtros: 5,035 -> 5,016 (99.6%)
2026-07-22 17:36:54 | INFO     | logger:42 | Indicadores: 5016 exames, 151 mun, 409 arr
2026-07-22 17:36:54 | INFO     | app:26 | Iniciando Painel Inteligente de Vigilancia Cardiovascular v3.6.1
2026-07-22 17:36:54 | INFO     | logger:33 | Planilha: ecg.xlsx | 5,035 linhas x 136 colunas
2026-07-22 17:36:54 | INFO     | logger:38 | Filtros: 5,035 -> 5,016 (99.6%)
2026-07-22 17:36:56 | INFO     | logger:42 | Indicadores: 5016 exames, 151 mun, 409 arr
2026-07-22 17:36:56 | INFO     | app:26 | Iniciando Painel Inteligente de Vigilancia Cardiovascular v3.6.1
2026-07-22 17:36:56 | INFO     | logger:33 | Planilha: ecg.xlsx | 5,035 linhas x 136 colunas
2026-07-22 17:36:56 | INFO     | logger:38 | Filtros: 5,035 -> 5,016 (99.6%)
2026-07-22 17:36:58 | INFO     | logger:42 | Indicadores: 5016 exames, 151 mun, 409 arr
2026-07-22 17:36:58 | INFO     | app:26 | Iniciando Painel Inteligente de Vigilancia Cardiovascular v3.6.1
2026-07-22 17:36:58 | INFO     | logger:33 | Planilha: ecg.xlsx | 5,035 linhas x 136 colunas
2026-07-22 17:36:58 | INFO     | logger:38 | Filtros: 5,035 -> 5,016 (99.6%)
2026-07-22 17:36:59 | INFO     | logger:42 | Indicadores: 5016 exames, 151 mun, 409 arr
2026-07-22 17:37:00 | INFO     | app:26 | Iniciando Painel Inteligente de Vigilancia Cardiovascular v3.6.1
2026-07-22 17:37:00 | INFO     | logger:33 | Planilha: ecg.xlsx | 5,035 linhas x 136 colunas
2026-07-22 17:37:00 | INFO     | logger:38 | Filtros: 5,035 -> 5,016 (99.6%)
2026-07-22 17:37:01 | INFO     | logger:42 | Indicadores: 5016 exames, 151 mun, 409 arr
2026-07-22 17:37:02 | INFO     | app:26 | Iniciando Painel Inteligente de Vigilancia Cardiovascular v3.6.1
2026-07-22 17:37:02 | INFO     | logger:33 | Planilha: ecg.xlsx | 5,035 linhas x 136 colunas
2026-07-22 17:37:02 | INFO     | logger:38 | Filtros: 5,035 -> 5,016 (99.6%)
2026-07-22 17:37:03 | INFO     | logger:42 | Indicadores: 5016 exames, 151 mun, 409 arr
2026-07-22 17:37:03 | INFO     | app:26 | Iniciando Painel Inteligente de Vigilancia Cardiovascular v3.6.1
2026-07-22 17:37:03 | INFO     | logger:33 | Planilha: ecg.xlsx | 5,035 linhas x 136 colunas
2026-07-22 17:37:03 | INFO     | logger:38 | Filtros: 5,035 -> 5,016 (99.6%)
2026-07-22 17:37:05 | INFO     | logger:42 | Indicadores: 5016 exames, 151 mun, 409 arr
2026-07-22 17:37:05 | INFO     | app:26 | Iniciando Painel Inteligente de Vigilancia Cardiovascular v3.6.1
2026-07-22 17:37:05 | INFO     | logger:33 | Planilha: ecg.xlsx | 5,035 linhas x 136 colunas
2026-07-22 17:37:05 | INFO     | logger:38 | Filtros: 5,035 -> 5,016 (99.6%)
2026-07-22 17:37:07 | INFO     | logger:42 | Indicadores: 5016 exames, 151 mun, 409 arr
2026-07-22 17:37:07 | INFO     | app:26 | Iniciando Painel Inteligente de Vigilancia Cardiovascular v3.6.1
2026-07-22 17:37:07 | INFO     | logger:33 | Planilha: ecg.xlsx | 5,035 linhas x 136 colunas
2026-07-22 17:37:07 | INFO     | logger:38 | Filtros: 5,035 -> 5,016 (99.6%)
2026-07-22 17:37:08 | INFO     | logger:42 | Indicadores: 5016 exames, 151 mun, 409 arr
2026-07-22 17:37:09 | INFO     | app:26 | Iniciando Painel Inteligente de Vigilancia Cardiovascular v3.6.1
2026-07-22 17:37:09 | INFO     | logger:33 | Planilha: ecg.xlsx | 5,035 linhas x 136 colunas
2026-07-22 17:37:09 | INFO     | logger:38 | Filtros: 5,035 -> 5,016 (99.6%)
2026-07-22 17:37:10 | INFO     | logger:42 | Indicadores: 5016 exames, 151 mun, 409 arr
2026-07-22 17:37:10 | INFO     | app:26 | Iniciando Painel Inteligente de Vigilancia Cardiovascular v3.6.1
2026-07-22 17:37:10 | INFO     | logger:33 | Planilha: ecg.xlsx | 5,035 linhas x 136 colunas
2026-07-22 17:37:10 | INFO     | logger:38 | Filtros: 5,035 -> 5,016 (99.6%)
2026-07-22 17:37:12 | INFO     | logger:42 | Indicadores: 5016 exames, 151 mun, 409 arr
2026-07-22 17:37:16 | INFO     | app:26 | Iniciando Painel Inteligente de Vigilancia Cardiovascular v3.6.1
2026-07-22 17:37:16 | INFO     | logger:33 | Planilha: ecg.xlsx | 5,035 linhas x 136 colunas
2026-07-22 17:37:16 | INFO     | logger:38 | Filtros: 5,035 -> 5,016 (99.6%)
2026-07-22 17:37:18 | INFO     | logger:42 | Indicadores: 5016 exames, 151 mun, 409 arr
2026-07-22 17:37:18 | INFO     | app:26 | Iniciando Painel Inteligente de Vigilancia Cardiovascular v3.6.1
2026-07-22 17:37:18 | INFO     | logger:33 | Planilha: ecg.xlsx | 5,035 linhas x 136 colunas
2026-07-22 17:37:18 | INFO     | logger:38 | Filtros: 5,035 -> 5,016 (99.6%)
2026-07-22 17:37:20 | INFO     | logger:42 | Indicadores: 5016 exames, 151 mun, 409 arr
2026-07-22 17:37:20 | INFO     | app:26 | Iniciando Painel Inteligente de Vigilancia Cardiovascular v3.6.1
2026-07-22 17:37:20 | INFO     | logger:33 | Planilha: ecg.xlsx | 5,035 linhas x 136 colunas
2026-07-22 17:37:20 | INFO     | logger:38 | Filtros: 5,035 -> 5,016 (99.6%)
2026-07-22 17:37:22 | INFO     | logger:42 | Indicadores: 5016 exames, 151 mun, 409 arr
2026-07-22 17:37:22 | INFO     | app:26 | Iniciando Painel Inteligente de Vigilancia Cardiovascular v3.6.1
2026-07-22 17:37:22 | INFO     | logger:33 | Planilha: ecg.xlsx | 5,035 linhas x 136 colunas
2026-07-22 17:37:22 | INFO     | logger:38 | Filtros: 5,035 -> 5,016 (99.6%)
2026-07-22 17:37:23 | INFO     | logger:42 | Indicadores: 5016 exames, 151 mun, 409 arr
2026-07-22 17:37:24 | INFO     | app:26 | Iniciando Painel Inteligente de Vigilancia Cardiovascular v3.6.1
2026-07-22 17:37:24 | INFO     | logger:33 | Planilha: ecg.xlsx | 5,035 linhas x 136 colunas
2026-07-22 17:37:24 | INFO     | logger:38 | Filtros: 5,035 -> 5,016 (99.6%)
2026-07-22 17:37:25 | INFO     | logger:42 | Indicadores: 5016 exames, 151 mun, 409 arr
2026-07-22 17:37:26 | INFO     | app:26 | Iniciando Painel Inteligente de Vigilancia Cardiovascular v3.6.1
2026-07-22 17:37:26 | INFO     | logger:33 | Planilha: ecg.xlsx | 5,035 linhas x 136 colunas
2026-07-22 17:37:26 | INFO     | logger:38 | Filtros: 5,035 -> 5,016 (99.6%)
2026-07-22 17:37:27 | INFO     | logger:42 | Indicadores: 5016 exames, 151 mun, 409 arr
2026-07-22 17:37:27 | INFO     | app:26 | Iniciando Painel Inteligente de Vigilancia Cardiovascular v3.6.1
2026-07-22 17:37:27 | INFO     | logger:33 | Planilha: ecg.xlsx | 5,035 linhas x 136 colunas
2026-07-22 17:37:27 | INFO     | logger:38 | Filtros: 5,035 -> 5,016 (99.6%)
2026-07-22 17:37:29 | INFO     | logger:42 | Indicadores: 5016 exames, 151 mun, 409 arr
2026-07-22 17:37:29 | INFO     | app:26 | Iniciando Painel Inteligente de Vigilancia Cardiovascular v3.6.1
2026-07-22 17:37:29 | INFO     | logger:33 | Planilha: ecg.xlsx | 5,035 linhas x 136 colunas
2026-07-22 17:37:29 | INFO     | logger:38 | Filtros: 5,035 -> 5,016 (99.6%)
2026-07-22 17:37:31 | INFO     | logger:42 | Indicadores: 5016 exames, 151 mun, 409 arr
2026-07-22 17:37:31 | INFO     | app:26 | Iniciando Painel Inteligente de Vigilancia Cardiovascular v3.6.1
2026-07-22 17:37:31 | INFO     | logger:33 | Planilha: ecg.xlsx | 5,035 linhas x 136 colunas
2026-07-22 17:37:31 | INFO     | logger:38 | Filtros: 5,035 -> 5,016 (99.6%)
2026-07-22 17:37:33 | INFO     | logger:42 | Indicadores: 5016 exames, 151 mun, 409 arr
2026-07-22 17:37:33 | INFO     | app:26 | Iniciando Painel Inteligente de Vigilancia Cardiovascular v3.6.1
2026-07-22 17:37:33 | INFO     | logger:33 | Planilha: ecg.xlsx | 5,035 linhas x 136 colunas
2026-07-22 17:37:33 | INFO     | logger:38 | Filtros: 5,035 -> 5,016 (99.6%)
2026-07-22 17:37:35 | INFO     | logger:42 | Indicadores: 5016 exames, 151 mun, 409 arr
2026-07-22 17:37:35 | INFO     | app:26 | Iniciando Painel Inteligente de Vigilancia Cardiovascular v3.6.1
2026-07-22 17:37:35 | INFO     | logger:33 | Planilha: ecg.xlsx | 5,035 linhas x 136 colunas
2026-07-22 17:37:35 | INFO     | logger:38 | Filtros: 5,035 -> 5,016 (99.6%)
2026-07-22 17:37:37 | INFO     | logger:42 | Indicadores: 5016 exames, 151 mun, 409 arr
2026-07-22 17:37:37 | INFO     | app:26 | Iniciando Painel Inteligente de Vigilancia Cardiovascular v3.6.1
2026-07-22 17:37:37 | INFO     | logger:33 | Planilha: ecg.xlsx | 5,035 linhas x 136 colunas
2026-07-22 17:37:37 | INFO     | logger:38 | Filtros: 5,035 -> 5,016 (99.6%)
2026-07-22 17:37:39 | INFO     | logger:42 | Indicadores: 5016 exames, 151 mun, 409 arr
2026-07-22 17:37:39 | INFO     | app:26 | Iniciando Painel Inteligente de Vigilancia Cardiovascular v3.6.1
2026-07-22 17:37:39 | INFO     | logger:33 | Planilha: ecg.xlsx | 5,035 linhas x 136 colunas
2026-07-22 17:37:39 | INFO     | logger:38 | Filtros: 5,035 -> 5,016 (99.6%)
2026-07-22 17:37:40 | INFO     | logger:42 | Indicadores: 5016 exames, 151 mun, 409 arr
2026-07-22 17:37:41 | INFO     | app:26 | Iniciando Painel Inteligente de Vigilancia Cardiovascular v3.6.1
2026-07-22 17:37:41 | INFO     | logger:33 | Planilha: ecg.xlsx | 5,035 linhas x 136 colunas
2026-07-22 17:37:41 | INFO     | logger:38 | Filtros: 5,035 -> 5,016 (99.6%)
2026-07-22 17:37:42 | INFO     | logger:42 | Indicadores: 5016 exames, 151 mun, 409 arr
2026-07-22 17:37:43 | INFO     | app:26 | Iniciando Painel Inteligente de Vigilancia Cardiovascular v3.6.1
2026-07-22 17:37:43 | INFO     | logger:33 | Planilha: ecg.xlsx | 5,035 linhas x 136 colunas
2026-07-22 17:37:43 | INFO     | logger:38 | Filtros: 5,035 -> 5,016 (99.6%)
2026-07-22 17:37:44 | INFO     | logger:42 | Indicadores: 5016 exames, 151 mun, 409 arr
2026-07-22 17:37:44 | INFO     | app:26 | Iniciando Painel Inteligente de Vigilancia Cardiovascular v3.6.1
2026-07-22 17:37:44 | INFO     | logger:33 | Planilha: ecg.xlsx | 5,035 linhas x 136 colunas
2026-07-22 17:37:44 | INFO     | logger:38 | Filtros: 5,035 -> 5,016 (99.6%)
2026-07-22 17:37:46 | INFO     | logger:42 | Indicadores: 5016 exames, 151 mun, 409 arr
2026-07-22 17:37:46 | INFO     | app:26 | Iniciando Painel Inteligente de Vigilancia Cardiovascular v3.6.1
2026-07-22 17:37:46 | INFO     | logger:33 | Planilha: ecg.xlsx | 5,035 linhas x 136 colunas
2026-07-22 17:37:46 | INFO     | logger:38 | Filtros: 5,035 -> 5,016 (99.6%)
2026-07-22 17:37:48 | INFO     | logger:42 | Indicadores: 5016 exames, 151 mun, 409 arr
2026-07-22 17:37:48 | INFO     | app:26 | Iniciando Painel Inteligente de Vigilancia Cardiovascular v3.6.1
2026-07-22 17:37:48 | INFO     | logger:33 | Planilha: ecg.xlsx | 5,035 linhas x 136 colunas
2026-07-22 17:37:48 | INFO     | logger:38 | Filtros: 5,035 -> 5,016 (99.6%)
2026-07-22 17:37:50 | INFO     | logger:42 | Indicadores: 5016 exames, 151 mun, 409 arr
2026-07-22 17:37:50 | INFO     | app:26 | Iniciando Painel Inteligente de Vigilancia Cardiovascular v3.6.1
2026-07-22 17:37:50 | INFO     | logger:33 | Planilha: ecg.xlsx | 5,035 linhas x 136 colunas
2026-07-22 17:37:50 | INFO     | logger:38 | Filtros: 5,035 -> 5,016 (99.6%)
2026-07-22 17:37:52 | INFO     | logger:42 | Indicadores: 5016 exames, 151 mun, 409 arr
2026-07-22 17:37:52 | INFO     | app:26 | Iniciando Painel Inteligente de Vigilancia Cardiovascular v3.6.1
2026-07-22 17:37:52 | INFO     | logger:33 | Planilha: ecg.xlsx | 5,035 linhas x 136 colunas
2026-07-22 17:37:52 | INFO     | logger:38 | Filtros: 5,035 -> 5,016 (99.6%)
2026-07-22 17:37:54 | INFO     | logger:42 | Indicadores: 5016 exames, 151 mun, 409 arr
2026-07-22 17:37:54 | INFO     | app:26 | Iniciando Painel Inteligente de Vigilancia Cardiovascular v3.6.1
2026-07-22 17:37:54 | INFO     | logger:33 | Planilha: ecg.xlsx | 5,035 linhas x 136 colunas
2026-07-22 17:37:54 | INFO     | logger:38 | Filtros: 5,035 -> 5,016 (99.6%)
2026-07-22 17:37:56 | INFO     | logger:42 | Indicadores: 5016 exames, 151 mun, 409 arr
2026-07-22 17:37:57 | INFO     | app:26 | Iniciando Painel Inteligente de Vigilancia Cardiovascular v3.6.1
2026-07-22 17:37:57 | INFO     | logger:33 | Planilha: ecg.xlsx | 5,035 linhas x 136 colunas
2026-07-22 17:37:57 | INFO     | logger:38 | Filtros: 5,035 -> 5,016 (99.6%)
2026-07-22 17:37:58 | INFO     | logger:42 | Indicadores: 5016 exames, 151 mun, 409 arr
2026-07-22 17:37:59 | INFO     | app:26 | Iniciando Painel Inteligente de Vigilancia Cardiovascular v3.6.1
2026-07-22 17:37:59 | INFO     | logger:33 | Planilha: ecg.xlsx | 5,035 linhas x 136 colunas
2026-07-22 17:37:59 | INFO     | logger:38 | Filtros: 5,035 -> 5,016 (99.6%)
2026-07-22 17:38:00 | INFO     | logger:42 | Indicadores: 5016 exames, 151 mun, 409 arr
2026-07-22 17:38:01 | INFO     | app:26 | Iniciando Painel Inteligente de Vigilancia Cardiovascular v3.6.1
2026-07-22 17:38:01 | INFO     | logger:33 | Planilha: ecg.xlsx | 5,035 linhas x 136 colunas
2026-07-22 17:38:01 | INFO     | logger:38 | Filtros: 5,035 -> 5,016 (99.6%)
2026-07-22 17:38:02 | INFO     | logger:42 | Indicadores: 5016 exames, 151 mun, 409 arr
2026-07-22 17:38:03 | INFO     | app:26 | Iniciando Painel Inteligente de Vigilancia Cardiovascular v3.6.1
2026-07-22 17:38:03 | INFO     | logger:33 | Planilha: ecg.xlsx | 5,035 linhas x 136 colunas
2026-07-22 17:38:03 | INFO     | logger:38 | Filtros: 5,035 -> 5,016 (99.6%)
2026-07-22 17:38:04 | INFO     | logger:42 | Indicadores: 5016 exames, 151 mun, 409 arr
2026-07-22 17:38:04 | INFO     | app:26 | Iniciando Painel Inteligente de Vigilancia Cardiovascular v3.6.1
2026-07-22 17:38:04 | INFO     | logger:33 | Planilha: ecg.xlsx | 5,035 linhas x 136 colunas
2026-07-22 17:38:05 | INFO     | logger:38 | Filtros: 5,035 -> 5,016 (99.6%)
2026-07-22 17:38:06 | INFO     | logger:42 | Indicadores: 5016 exames, 151 mun, 409 arr
2026-07-22 17:38:07 | INFO     | app:26 | Iniciando Painel Inteligente de Vigilancia Cardiovascular v3.6.1
2026-07-22 17:38:07 | INFO     | logger:33 | Planilha: ecg.xlsx | 5,035 linhas x 136 colunas
2026-07-22 17:38:07 | INFO     | logger:38 | Filtros: 5,035 -> 5,016 (99.6%)
2026-07-22 17:38:08 | INFO     | logger:42 | Indicadores: 5016 exames, 151 mun, 409 arr
2026-07-22 17:38:08 | INFO     | app:26 | Iniciando Painel Inteligente de Vigilancia Cardiovascular v3.6.1
2026-07-22 17:38:08 | INFO     | logger:33 | Planilha: ecg.xlsx | 5,035 linhas x 136 colunas
2026-07-22 17:38:08 | INFO     | logger:38 | Filtros: 5,035 -> 5,016 (99.6%)
2026-07-22 17:38:10 | INFO     | logger:42 | Indicadores: 5016 exames, 151 mun, 409 arr
2026-07-22 17:38:11 | INFO     | app:26 | Iniciando Painel Inteligente de Vigilancia Cardiovascular v3.6.1
2026-07-22 17:38:11 | INFO     | logger:33 | Planilha: ecg.xlsx | 5,035 linhas x 136 colunas
2026-07-22 17:38:11 | INFO     | logger:38 | Filtros: 5,035 -> 5,016 (99.6%)
2026-07-22 17:38:12 | INFO     | logger:42 | Indicadores: 5016 exames, 151 mun, 409 arr
2026-07-22 17:38:12 | INFO     | app:26 | Iniciando Painel Inteligente de Vigilancia Cardiovascular v3.6.1
2026-07-22 17:38:12 | INFO     | logger:33 | Planilha: ecg.xlsx | 5,035 linhas x 136 colunas
2026-07-22 17:38:13 | INFO     | logger:38 | Filtros: 5,035 -> 5,016 (99.6%)
2026-07-22 17:38:14 | INFO     | logger:42 | Indicadores: 5016 exames, 151 mun, 409 arr
2026-07-22 17:38:14 | INFO     | app:26 | Iniciando Painel Inteligente de Vigilancia Cardiovascular v3.6.1
2026-07-22 17:38:14 | INFO     | logger:33 | Planilha: ecg.xlsx | 5,035 linhas x 136 colunas
2026-07-22 17:38:14 | INFO     | logger:38 | Filtros: 5,035 -> 5,016 (99.6%)
2026-07-22 17:38:16 | INFO     | logger:42 | Indicadores: 5016 exames, 151 mun, 409 arr
2026-07-22 17:38:16 | INFO     | app:26 | Iniciando Painel Inteligente de Vigilancia Cardiovascular v3.6.1
2026-07-22 17:38:16 | INFO     | logger:33 | Planilha: ecg.xlsx | 5,035 linhas x 136 colunas
2026-07-22 17:38:16 | INFO     | logger:38 | Filtros: 5,035 -> 5,016 (99.6%)
2026-07-22 17:38:18 | INFO     | logger:42 | Indicadores: 5016 exames, 151 mun, 409 arr
2026-07-22 17:38:18 | INFO     | app:26 | Iniciando Painel Inteligente de Vigilancia Cardiovascular v3.6.1
2026-07-22 17:38:18 | INFO     | logger:33 | Planilha: ecg.xlsx | 5,035 linhas x 136 colunas
2026-07-22 17:38:18 | INFO     | logger:38 | Filtros: 5,035 -> 5,016 (99.6%)
2026-07-22 17:38:20 | INFO     | logger:42 | Indicadores: 5016 exames, 151 mun, 409 arr
2026-07-22 17:38:20 | INFO     | app:26 | Iniciando Painel Inteligente de Vigilancia Cardiovascular v3.6.1
2026-07-22 17:38:20 | INFO     | logger:33 | Planilha: ecg.xlsx | 5,035 linhas x 136 colunas
2026-07-22 17:38:20 | INFO     | logger:38 | Filtros: 5,035 -> 5,016 (99.6%)
2026-07-22 17:38:22 | INFO     | logger:42 | Indicadores: 5016 exames, 151 mun, 409 arr
2026-07-22 17:38:22 | INFO     | app:26 | Iniciando Painel Inteligente de Vigilancia Cardiovascular v3.6.1
2026-07-22 17:38:22 | INFO     | logger:33 | Planilha: ecg.xlsx | 5,035 linhas x 136 colunas
2026-07-22 17:38:22 | INFO     | logger:38 | Filtros: 5,035 -> 5,016 (99.6%)
2026-07-22 17:38:24 | INFO     | logger:42 | Indicadores: 5016 exames, 151 mun, 409 arr
2026-07-22 17:44:04 | INFO     | app:26 | Iniciando Painel Inteligente de Vigilancia Cardiovascular v3.6.1
2026-07-22 17:44:07 | INFO     | cache:20 | [CACHE] cached_load: 5,035 linhas, 2594.7 ms
2026-07-22 17:44:07 | INFO     | logger:33 | Planilha: ecg.xlsx | 5,035 linhas x 136 colunas
2026-07-22 17:44:08 | INFO     | logger:38 | Filtros: 5,035 -> 5,016 (99.6%)
2026-07-22 17:44:08 | INFO     | logger:42 | Indicadores: 5016 exames, 151 mun, 409 arr
2026-07-22 17:44:12 | INFO     | logger:54 | [PIPELINE] Tempo total: 7794.9 ms
2026-07-22 17:44:28 | INFO     | app:26 | Iniciando Painel Inteligente de Vigilancia Cardiovascular v3.6.1
2026-07-22 17:44:28 | INFO     | logger:33 | Planilha: ecg.xlsx | 5,035 linhas x 136 colunas
2026-07-22 17:44:28 | INFO     | logger:38 | Filtros: 5,035 -> 5,016 (99.6%)
2026-07-22 17:44:29 | INFO     | logger:42 | Indicadores: 5016 exames, 151 mun, 409 arr
2026-07-22 17:44:29 | INFO     | app:26 | Iniciando Painel Inteligente de Vigilancia Cardiovascular v3.6.1
2026-07-22 17:44:29 | INFO     | logger:33 | Planilha: ecg.xlsx | 5,035 linhas x 136 colunas
2026-07-22 17:44:29 | INFO     | logger:38 | Filtros: 5,035 -> 5,016 (99.6%)
2026-07-22 17:44:29 | INFO     | logger:42 | Indicadores: 5016 exames, 151 mun, 409 arr
2026-07-22 17:44:30 | INFO     | app:26 | Iniciando Painel Inteligente de Vigilancia Cardiovascular v3.6.1
2026-07-22 17:44:30 | INFO     | logger:33 | Planilha: ecg.xlsx | 5,035 linhas x 136 colunas
2026-07-22 17:44:30 | INFO     | logger:38 | Filtros: 5,035 -> 5,016 (99.6%)
2026-07-22 17:44:31 | INFO     | logger:42 | Indicadores: 5016 exames, 151 mun, 409 arr
2026-07-22 17:44:31 | INFO     | app:26 | Iniciando Painel Inteligente de Vigilancia Cardiovascular v3.6.1
2026-07-22 17:44:31 | INFO     | logger:33 | Planilha: ecg.xlsx | 5,035 linhas x 136 colunas
2026-07-22 17:44:31 | INFO     | logger:38 | Filtros: 5,035 -> 5,016 (99.6%)
2026-07-22 17:44:31 | INFO     | logger:42 | Indicadores: 5016 exames, 151 mun, 409 arr
2026-07-22 17:44:32 | INFO     | app:26 | Iniciando Painel Inteligente de Vigilancia Cardiovascular v3.6.1
2026-07-22 17:44:32 | INFO     | logger:33 | Planilha: ecg.xlsx | 5,035 linhas x 136 colunas
2026-07-22 17:44:32 | INFO     | logger:38 | Filtros: 5,035 -> 5,016 (99.6%)
2026-07-22 17:44:32 | INFO     | logger:42 | Indicadores: 5016 exames, 151 mun, 409 arr
2026-07-22 17:44:33 | INFO     | app:26 | Iniciando Painel Inteligente de Vigilancia Cardiovascular v3.6.1
2026-07-22 17:44:33 | INFO     | logger:33 | Planilha: ecg.xlsx | 5,035 linhas x 136 colunas
2026-07-22 17:44:33 | INFO     | logger:38 | Filtros: 5,035 -> 5,016 (99.6%)
2026-07-22 17:44:33 | INFO     | logger:42 | Indicadores: 5016 exames, 151 mun, 409 arr
2026-07-22 17:44:34 | INFO     | app:26 | Iniciando Painel Inteligente de Vigilancia Cardiovascular v3.6.1
2026-07-22 17:44:34 | INFO     | logger:33 | Planilha: ecg.xlsx | 5,035 linhas x 136 colunas
2026-07-22 17:44:34 | INFO     | logger:38 | Filtros: 5,035 -> 5,016 (99.6%)
2026-07-22 17:44:34 | INFO     | logger:42 | Indicadores: 5016 exames, 151 mun, 409 arr
2026-07-22 17:44:35 | INFO     | app:26 | Iniciando Painel Inteligente de Vigilancia Cardiovascular v3.6.1
2026-07-22 17:44:35 | INFO     | logger:33 | Planilha: ecg.xlsx | 5,035 linhas x 136 colunas
2026-07-22 17:44:35 | INFO     | logger:38 | Filtros: 5,035 -> 5,016 (99.6%)
2026-07-22 17:44:35 | INFO     | logger:42 | Indicadores: 5016 exames, 151 mun, 409 arr
2026-07-22 17:44:36 | INFO     | app:26 | Iniciando Painel Inteligente de Vigilancia Cardiovascular v3.6.1
2026-07-22 17:44:36 | INFO     | logger:33 | Planilha: ecg.xlsx | 5,035 linhas x 136 colunas
2026-07-22 17:44:36 | INFO     | logger:38 | Filtros: 5,035 -> 5,016 (99.6%)
2026-07-22 17:44:36 | INFO     | logger:42 | Indicadores: 5016 exames, 151 mun, 409 arr
2026-07-22 17:44:37 | INFO     | app:26 | Iniciando Painel Inteligente de Vigilancia Cardiovascular v3.6.1
2026-07-22 17:44:37 | INFO     | logger:33 | Planilha: ecg.xlsx | 5,035 linhas x 136 colunas
2026-07-22 17:44:37 | INFO     | logger:38 | Filtros: 5,035 -> 5,016 (99.6%)
2026-07-22 17:44:37 | INFO     | logger:42 | Indicadores: 5016 exames, 151 mun, 409 arr
2026-07-22 17:44:38 | INFO     | app:26 | Iniciando Painel Inteligente de Vigilancia Cardiovascular v3.6.1
2026-07-22 17:44:38 | INFO     | logger:33 | Planilha: ecg.xlsx | 5,035 linhas x 136 colunas
2026-07-22 17:44:38 | INFO     | logger:38 | Filtros: 5,035 -> 5,016 (99.6%)
2026-07-22 17:44:38 | INFO     | logger:42 | Indicadores: 5016 exames, 151 mun, 409 arr
2026-07-22 17:44:39 | INFO     | app:26 | Iniciando Painel Inteligente de Vigilancia Cardiovascular v3.6.1
2026-07-22 17:44:39 | INFO     | logger:33 | Planilha: ecg.xlsx | 5,035 linhas x 136 colunas
2026-07-22 17:44:39 | INFO     | logger:38 | Filtros: 5,035 -> 5,016 (99.6%)
2026-07-22 17:44:39 | INFO     | logger:42 | Indicadores: 5016 exames, 151 mun, 409 arr
2026-07-22 17:44:40 | INFO     | app:26 | Iniciando Painel Inteligente de Vigilancia Cardiovascular v3.6.1
2026-07-22 17:44:40 | INFO     | logger:33 | Planilha: ecg.xlsx | 5,035 linhas x 136 colunas
2026-07-22 17:44:40 | INFO     | logger:38 | Filtros: 5,035 -> 5,016 (99.6%)
2026-07-22 17:44:40 | INFO     | logger:42 | Indicadores: 5016 exames, 151 mun, 409 arr
2026-07-22 17:44:41 | INFO     | app:26 | Iniciando Painel Inteligente de Vigilancia Cardiovascular v3.6.1
2026-07-22 17:44:41 | INFO     | logger:33 | Planilha: ecg.xlsx | 5,035 linhas x 136 colunas
2026-07-22 17:44:41 | INFO     | logger:38 | Filtros: 5,035 -> 5,016 (99.6%)
2026-07-22 17:44:41 | INFO     | logger:42 | Indicadores: 5016 exames, 151 mun, 409 arr
2026-07-22 17:44:41 | INFO     | app:26 | Iniciando Painel Inteligente de Vigilancia Cardiovascular v3.6.1
2026-07-22 17:44:42 | INFO     | logger:33 | Planilha: ecg.xlsx | 5,035 linhas x 136 colunas
2026-07-22 17:44:42 | INFO     | logger:38 | Filtros: 5,035 -> 5,016 (99.6%)
2026-07-22 17:44:42 | INFO     | logger:42 | Indicadores: 5016 exames, 151 mun, 409 arr
2026-07-22 17:44:43 | INFO     | app:26 | Iniciando Painel Inteligente de Vigilancia Cardiovascular v3.6.1
2026-07-22 17:44:43 | INFO     | logger:33 | Planilha: ecg.xlsx | 5,035 linhas x 136 colunas
2026-07-22 17:44:43 | INFO     | logger:38 | Filtros: 5,035 -> 5,016 (99.6%)
2026-07-22 17:44:43 | INFO     | logger:42 | Indicadores: 5016 exames, 151 mun, 409 arr
2026-07-22 17:44:44 | INFO     | app:26 | Iniciando Painel Inteligente de Vigilancia Cardiovascular v3.6.1
2026-07-22 17:44:44 | INFO     | logger:33 | Planilha: ecg.xlsx | 5,035 linhas x 136 colunas
2026-07-22 17:44:44 | INFO     | logger:38 | Filtros: 5,035 -> 5,016 (99.6%)
2026-07-22 17:44:44 | INFO     | logger:42 | Indicadores: 5016 exames, 151 mun, 409 arr
2026-07-22 17:44:45 | INFO     | app:26 | Iniciando Painel Inteligente de Vigilancia Cardiovascular v3.6.1
2026-07-22 17:44:45 | INFO     | logger:33 | Planilha: ecg.xlsx | 5,035 linhas x 136 colunas
2026-07-22 17:44:45 | INFO     | logger:38 | Filtros: 5,035 -> 5,016 (99.6%)
2026-07-22 17:44:45 | INFO     | logger:42 | Indicadores: 5016 exames, 151 mun, 409 arr
2026-07-22 17:44:45 | INFO     | app:26 | Iniciando Painel Inteligente de Vigilancia Cardiovascular v3.6.1
2026-07-22 17:44:45 | INFO     | logger:33 | Planilha: ecg.xlsx | 5,035 linhas x 136 colunas
2026-07-22 17:44:46 | INFO     | logger:38 | Filtros: 5,035 -> 5,016 (99.6%)
2026-07-22 17:44:46 | INFO     | logger:42 | Indicadores: 5016 exames, 151 mun, 409 arr
2026-07-22 17:44:46 | INFO     | app:26 | Iniciando Painel Inteligente de Vigilancia Cardiovascular v3.6.1
2026-07-22 17:44:46 | INFO     | logger:33 | Planilha: ecg.xlsx | 5,035 linhas x 136 colunas
2026-07-22 17:44:46 | INFO     | logger:38 | Filtros: 5,035 -> 5,016 (99.6%)
2026-07-22 17:44:47 | INFO     | logger:42 | Indicadores: 5016 exames, 151 mun, 409 arr
2026-07-22 17:44:47 | INFO     | app:26 | Iniciando Painel Inteligente de Vigilancia Cardiovascular v3.6.1
2026-07-22 17:44:47 | INFO     | logger:33 | Planilha: ecg.xlsx | 5,035 linhas x 136 colunas
2026-07-22 17:44:47 | INFO     | logger:38 | Filtros: 5,035 -> 5,016 (99.6%)
2026-07-22 17:44:48 | INFO     | logger:42 | Indicadores: 5016 exames, 151 mun, 409 arr
2026-07-22 17:44:48 | INFO     | app:26 | Iniciando Painel Inteligente de Vigilancia Cardiovascular v3.6.1
2026-07-22 17:44:48 | INFO     | logger:33 | Planilha: ecg.xlsx | 5,035 linhas x 136 colunas
2026-07-22 17:44:48 | INFO     | logger:38 | Filtros: 5,035 -> 5,016 (99.6%)
2026-07-22 17:44:49 | INFO     | logger:42 | Indicadores: 5016 exames, 151 mun, 409 arr
2026-07-22 17:44:49 | INFO     | app:26 | Iniciando Painel Inteligente de Vigilancia Cardiovascular v3.6.1
2026-07-22 17:44:49 | INFO     | logger:33 | Planilha: ecg.xlsx | 5,035 linhas x 136 colunas
2026-07-22 17:44:50 | INFO     | logger:38 | Filtros: 5,035 -> 5,016 (99.6%)
2026-07-22 17:44:50 | INFO     | logger:42 | Indicadores: 5016 exames, 151 mun, 409 arr
2026-07-22 17:44:50 | INFO     | app:26 | Iniciando Painel Inteligente de Vigilancia Cardiovascular v3.6.1
2026-07-22 17:44:50 | INFO     | logger:33 | Planilha: ecg.xlsx | 5,035 linhas x 136 colunas
2026-07-22 17:44:51 | INFO     | logger:38 | Filtros: 5,035 -> 5,016 (99.6%)
2026-07-22 17:44:51 | INFO     | logger:42 | Indicadores: 5016 exames, 151 mun, 409 arr
2026-07-22 17:44:52 | INFO     | app:26 | Iniciando Painel Inteligente de Vigilancia Cardiovascular v3.6.1
2026-07-22 17:44:52 | INFO     | logger:33 | Planilha: ecg.xlsx | 5,035 linhas x 136 colunas
2026-07-22 17:44:52 | INFO     | logger:38 | Filtros: 5,035 -> 5,016 (99.6%)
2026-07-22 17:44:52 | INFO     | logger:42 | Indicadores: 5016 exames, 151 mun, 409 arr
2026-07-22 17:44:53 | INFO     | app:26 | Iniciando Painel Inteligente de Vigilancia Cardiovascular v3.6.1
2026-07-22 17:44:53 | INFO     | logger:33 | Planilha: ecg.xlsx | 5,035 linhas x 136 colunas
2026-07-22 17:44:53 | INFO     | logger:38 | Filtros: 5,035 -> 5,016 (99.6%)
2026-07-22 17:44:53 | INFO     | logger:42 | Indicadores: 5016 exames, 151 mun, 409 arr
2026-07-22 17:44:54 | INFO     | app:26 | Iniciando Painel Inteligente de Vigilancia Cardiovascular v3.6.1
2026-07-22 17:44:54 | INFO     | logger:33 | Planilha: ecg.xlsx | 5,035 linhas x 136 colunas
2026-07-22 17:44:54 | INFO     | logger:38 | Filtros: 5,035 -> 5,016 (99.6%)
2026-07-22 17:44:54 | INFO     | logger:42 | Indicadores: 5016 exames, 151 mun, 409 arr
2026-07-22 17:44:55 | INFO     | app:26 | Iniciando Painel Inteligente de Vigilancia Cardiovascular v3.6.1
2026-07-22 17:44:55 | INFO     | logger:33 | Planilha: ecg.xlsx | 5,035 linhas x 136 colunas
2026-07-22 17:44:55 | INFO     | logger:38 | Filtros: 5,035 -> 5,016 (99.6%)
2026-07-22 17:44:55 | INFO     | logger:42 | Indicadores: 5016 exames, 151 mun, 409 arr
2026-07-22 17:44:56 | INFO     | app:26 | Iniciando Painel Inteligente de Vigilancia Cardiovascular v3.6.1
2026-07-22 17:44:56 | INFO     | logger:33 | Planilha: ecg.xlsx | 5,035 linhas x 136 colunas
2026-07-22 17:44:56 | INFO     | logger:38 | Filtros: 5,035 -> 5,016 (99.6%)
2026-07-22 17:44:56 | INFO     | logger:42 | Indicadores: 5016 exames, 151 mun, 409 arr
2026-07-22 17:44:57 | INFO     | app:26 | Iniciando Painel Inteligente de Vigilancia Cardiovascular v3.6.1
2026-07-22 17:44:57 | INFO     | logger:33 | Planilha: ecg.xlsx | 5,035 linhas x 136 colunas
2026-07-22 17:44:57 | INFO     | logger:38 | Filtros: 5,035 -> 5,016 (99.6%)
2026-07-22 17:44:58 | INFO     | logger:42 | Indicadores: 5016 exames, 151 mun, 409 arr
2026-07-22 17:44:58 | INFO     | app:26 | Iniciando Painel Inteligente de Vigilancia Cardiovascular v3.6.1
2026-07-22 17:44:58 | INFO     | logger:33 | Planilha: ecg.xlsx | 5,035 linhas x 136 colunas
2026-07-22 17:44:58 | INFO     | logger:38 | Filtros: 5,035 -> 5,016 (99.6%)
2026-07-22 17:44:59 | INFO     | logger:42 | Indicadores: 5016 exames, 151 mun, 409 arr
2026-07-22 17:44:59 | INFO     | app:26 | Iniciando Painel Inteligente de Vigilancia Cardiovascular v3.6.1
2026-07-22 17:44:59 | INFO     | logger:33 | Planilha: ecg.xlsx | 5,035 linhas x 136 colunas
2026-07-22 17:44:59 | INFO     | logger:38 | Filtros: 5,035 -> 5,016 (99.6%)
2026-07-22 17:45:00 | INFO     | logger:42 | Indicadores: 5016 exames, 151 mun, 409 arr
2026-07-22 17:45:00 | INFO     | app:26 | Iniciando Painel Inteligente de Vigilancia Cardiovascular v3.6.1
2026-07-22 17:45:00 | INFO     | logger:33 | Planilha: ecg.xlsx | 5,035 linhas x 136 colunas
2026-07-22 17:45:00 | INFO     | logger:38 | Filtros: 5,035 -> 5,016 (99.6%)
2026-07-22 17:45:01 | INFO     | logger:42 | Indicadores: 5016 exames, 151 mun, 409 arr
2026-07-22 17:45:01 | INFO     | app:26 | Iniciando Painel Inteligente de Vigilancia Cardiovascular v3.6.1
2026-07-22 17:45:01 | INFO     | logger:33 | Planilha: ecg.xlsx | 5,035 linhas x 136 colunas
2026-07-22 17:45:01 | INFO     | logger:38 | Filtros: 5,035 -> 5,016 (99.6%)
2026-07-22 17:45:01 | INFO     | logger:42 | Indicadores: 5016 exames, 151 mun, 409 arr
2026-07-22 17:45:02 | INFO     | app:26 | Iniciando Painel Inteligente de Vigilancia Cardiovascular v3.6.1
2026-07-22 17:45:02 | INFO     | logger:33 | Planilha: ecg.xlsx | 5,035 linhas x 136 colunas
2026-07-22 17:45:02 | INFO     | logger:38 | Filtros: 5,035 -> 5,016 (99.6%)
2026-07-22 17:45:02 | INFO     | logger:42 | Indicadores: 5016 exames, 151 mun, 409 arr
2026-07-22 17:45:03 | INFO     | app:26 | Iniciando Painel Inteligente de Vigilancia Cardiovascular v3.6.1
2026-07-22 17:45:03 | INFO     | logger:33 | Planilha: ecg.xlsx | 5,035 linhas x 136 colunas
2026-07-22 17:45:03 | INFO     | logger:38 | Filtros: 5,035 -> 5,016 (99.6%)
2026-07-22 17:45:03 | INFO     | logger:42 | Indicadores: 5016 exames, 151 mun, 409 arr
2026-07-22 17:45:04 | INFO     | app:26 | Iniciando Painel Inteligente de Vigilancia Cardiovascular v3.6.1
2026-07-22 17:45:04 | INFO     | logger:33 | Planilha: ecg.xlsx | 5,035 linhas x 136 colunas
2026-07-22 17:45:04 | INFO     | logger:38 | Filtros: 5,035 -> 5,016 (99.6%)
2026-07-22 17:45:04 | INFO     | logger:42 | Indicadores: 5016 exames, 151 mun, 409 arr
2026-07-22 17:45:04 | INFO     | app:26 | Iniciando Painel Inteligente de Vigilancia Cardiovascular v3.6.1
2026-07-22 17:45:04 | INFO     | logger:33 | Planilha: ecg.xlsx | 5,035 linhas x 136 colunas
2026-07-22 17:45:04 | INFO     | logger:38 | Filtros: 5,035 -> 5,016 (99.6%)
2026-07-22 17:45:05 | INFO     | logger:42 | Indicadores: 5016 exames, 151 mun, 409 arr
2026-07-22 17:45:05 | INFO     | app:26 | Iniciando Painel Inteligente de Vigilancia Cardiovascular v3.6.1
2026-07-22 17:45:05 | INFO     | logger:33 | Planilha: ecg.xlsx | 5,035 linhas x 136 colunas
2026-07-22 17:45:05 | INFO     | logger:38 | Filtros: 5,035 -> 5,016 (99.6%)
2026-07-22 17:45:06 | INFO     | logger:42 | Indicadores: 5016 exames, 151 mun, 409 arr
2026-07-22 17:45:06 | INFO     | app:26 | Iniciando Painel Inteligente de Vigilancia Cardiovascular v3.6.1
2026-07-22 17:45:06 | INFO     | logger:33 | Planilha: ecg.xlsx | 5,035 linhas x 136 colunas
2026-07-22 17:45:06 | INFO     | logger:38 | Filtros: 5,035 -> 5,016 (99.6%)
2026-07-22 17:45:07 | INFO     | logger:42 | Indicadores: 5016 exames, 151 mun, 409 arr
2026-07-22 17:45:07 | INFO     | app:26 | Iniciando Painel Inteligente de Vigilancia Cardiovascular v3.6.1
2026-07-22 17:45:07 | INFO     | logger:33 | Planilha: ecg.xlsx | 5,035 linhas x 136 colunas
2026-07-22 17:45:07 | INFO     | logger:38 | Filtros: 5,035 -> 5,016 (99.6%)
2026-07-22 17:45:08 | INFO     | logger:42 | Indicadores: 5016 exames, 151 mun, 409 arr
2026-07-22 17:45:08 | INFO     | app:26 | Iniciando Painel Inteligente de Vigilancia Cardiovascular v3.6.1
2026-07-22 17:45:08 | INFO     | logger:33 | Planilha: ecg.xlsx | 5,035 linhas x 136 colunas
2026-07-22 17:45:08 | INFO     | logger:38 | Filtros: 5,035 -> 5,016 (99.6%)
2026-07-22 17:45:09 | INFO     | logger:42 | Indicadores: 5016 exames, 151 mun, 409 arr
2026-07-22 17:45:09 | INFO     | app:26 | Iniciando Painel Inteligente de Vigilancia Cardiovascular v3.6.1
2026-07-22 17:45:09 | INFO     | logger:33 | Planilha: ecg.xlsx | 5,035 linhas x 136 colunas
2026-07-22 17:45:09 | INFO     | logger:38 | Filtros: 5,035 -> 5,016 (99.6%)
2026-07-22 17:45:10 | INFO     | logger:42 | Indicadores: 5016 exames, 151 mun, 409 arr
2026-07-22 17:45:10 | INFO     | app:26 | Iniciando Painel Inteligente de Vigilancia Cardiovascular v3.6.1
2026-07-22 17:45:20 | INFO     | logger:33 | Planilha: ecg.xlsx | 5,035 linhas x 136 colunas
2026-07-22 17:45:20 | INFO     | logger:38 | Filtros: 5,035 -> 5,016 (99.6%)
2026-07-22 17:45:21 | INFO     | logger:42 | Indicadores: 5016 exames, 151 mun, 409 arr
2026-07-22 17:45:21 | INFO     | app:26 | Iniciando Painel Inteligente de Vigilancia Cardiovascular v3.6.1
2026-07-22 17:45:21 | INFO     | logger:33 | Planilha: ecg.xlsx | 5,035 linhas x 136 colunas
2026-07-22 17:45:21 | INFO     | logger:38 | Filtros: 5,035 -> 5,016 (99.6%)
2026-07-22 17:45:22 | INFO     | logger:42 | Indicadores: 5016 exames, 151 mun, 409 arr
2026-07-22 17:45:22 | INFO     | app:26 | Iniciando Painel Inteligente de Vigilancia Cardiovascular v3.6.1
2026-07-22 17:45:22 | INFO     | logger:33 | Planilha: ecg.xlsx | 5,035 linhas x 136 colunas
2026-07-22 17:45:22 | INFO     | logger:38 | Filtros: 5,035 -> 5,016 (99.6%)
2026-07-22 17:45:23 | INFO     | logger:42 | Indicadores: 5016 exames, 151 mun, 409 arr
2026-07-22 17:45:23 | INFO     | app:26 | Iniciando Painel Inteligente de Vigilancia Cardiovascular v3.6.1
2026-07-22 17:45:23 | INFO     | logger:33 | Planilha: ecg.xlsx | 5,035 linhas x 136 colunas
2026-07-22 17:45:23 | INFO     | logger:38 | Filtros: 5,035 -> 5,016 (99.6%)
2026-07-22 17:45:24 | INFO     | logger:42 | Indicadores: 5016 exames, 151 mun, 409 arr
2026-07-22 17:45:24 | INFO     | app:26 | Iniciando Painel Inteligente de Vigilancia Cardiovascular v3.6.1
2026-07-22 17:45:24 | INFO     | logger:33 | Planilha: ecg.xlsx | 5,035 linhas x 136 colunas
2026-07-22 17:45:24 | INFO     | logger:38 | Filtros: 5,035 -> 5,016 (99.6%)
2026-07-22 17:45:25 | INFO     | logger:42 | Indicadores: 5016 exames, 151 mun, 409 arr
2026-07-22 17:45:25 | INFO     | app:26 | Iniciando Painel Inteligente de Vigilancia Cardiovascular v3.6.1
2026-07-22 17:45:25 | INFO     | logger:33 | Planilha: ecg.xlsx | 5,035 linhas x 136 colunas
2026-07-22 17:45:25 | INFO     | logger:38 | Filtros: 5,035 -> 5,016 (99.6%)
2026-07-22 17:45:26 | INFO     | logger:42 | Indicadores: 5016 exames, 151 mun, 409 arr
2026-07-22 17:45:27 | INFO     | app:26 | Iniciando Painel Inteligente de Vigilancia Cardiovascular v3.6.1
2026-07-22 17:45:27 | INFO     | logger:33 | Planilha: ecg.xlsx | 5,035 linhas x 136 colunas
2026-07-22 17:45:27 | INFO     | logger:38 | Filtros: 5,035 -> 5,016 (99.6%)
2026-07-22 17:45:28 | INFO     | logger:42 | Indicadores: 5016 exames, 151 mun, 409 arr
2026-07-22 17:45:28 | INFO     | app:26 | Iniciando Painel Inteligente de Vigilancia Cardiovascular v3.6.1
2026-07-22 17:45:28 | INFO     | logger:33 | Planilha: ecg.xlsx | 5,035 linhas x 136 colunas
2026-07-22 17:45:28 | INFO     | logger:38 | Filtros: 5,035 -> 5,016 (99.6%)
2026-07-22 17:45:29 | INFO     | logger:42 | Indicadores: 5016 exames, 151 mun, 409 arr
2026-07-22 17:45:29 | INFO     | app:26 | Iniciando Painel Inteligente de Vigilancia Cardiovascular v3.6.1
2026-07-22 17:45:29 | INFO     | logger:33 | Planilha: ecg.xlsx | 5,035 linhas x 136 colunas
2026-07-22 17:45:29 | INFO     | logger:38 | Filtros: 5,035 -> 5,016 (99.6%)
2026-07-22 17:45:30 | INFO     | logger:42 | Indicadores: 5016 exames, 151 mun, 409 arr
2026-07-22 17:45:30 | INFO     | app:26 | Iniciando Painel Inteligente de Vigilancia Cardiovascular v3.6.1
2026-07-22 17:45:30 | INFO     | logger:33 | Planilha: ecg.xlsx | 5,035 linhas x 136 colunas
2026-07-22 17:45:30 | INFO     | logger:38 | Filtros: 5,035 -> 5,016 (99.6%)
2026-07-22 17:45:31 | INFO     | logger:42 | Indicadores: 5016 exames, 151 mun, 409 arr
2026-07-22 17:45:31 | INFO     | app:26 | Iniciando Painel Inteligente de Vigilancia Cardiovascular v3.6.1
2026-07-22 17:45:31 | INFO     | logger:33 | Planilha: ecg.xlsx | 5,035 linhas x 136 colunas
2026-07-22 17:45:31 | INFO     | logger:38 | Filtros: 5,035 -> 5,016 (99.6%)
2026-07-22 17:45:32 | INFO     | logger:42 | Indicadores: 5016 exames, 151 mun, 409 arr
2026-07-22 17:45:33 | INFO     | app:26 | Iniciando Painel Inteligente de Vigilancia Cardiovascular v3.6.1
2026-07-22 17:45:33 | INFO     | logger:33 | Planilha: ecg.xlsx | 5,035 linhas x 136 colunas
2026-07-22 17:45:33 | INFO     | logger:38 | Filtros: 5,035 -> 5,016 (99.6%)
2026-07-22 17:45:34 | INFO     | logger:42 | Indicadores: 5016 exames, 151 mun, 409 arr
2026-07-22 17:45:34 | INFO     | app:26 | Iniciando Painel Inteligente de Vigilancia Cardiovascular v3.6.1
2026-07-22 17:45:34 | INFO     | logger:33 | Planilha: ecg.xlsx | 5,035 linhas x 136 colunas
2026-07-22 17:45:34 | INFO     | logger:38 | Filtros: 5,035 -> 5,016 (99.6%)
2026-07-22 17:45:35 | INFO     | logger:42 | Indicadores: 5016 exames, 151 mun, 409 arr
2026-07-22 17:45:35 | INFO     | app:26 | Iniciando Painel Inteligente de Vigilancia Cardiovascular v3.6.1
2026-07-22 17:45:35 | INFO     | logger:33 | Planilha: ecg.xlsx | 5,035 linhas x 136 colunas
2026-07-22 17:45:35 | INFO     | logger:38 | Filtros: 5,035 -> 5,016 (99.6%)
2026-07-22 17:45:36 | INFO     | logger:42 | Indicadores: 5016 exames, 151 mun, 409 arr
2026-07-22 17:45:36 | INFO     | app:26 | Iniciando Painel Inteligente de Vigilancia Cardiovascular v3.6.1
2026-07-22 17:45:36 | INFO     | logger:33 | Planilha: ecg.xlsx | 5,035 linhas x 136 colunas
2026-07-22 17:45:36 | INFO     | logger:38 | Filtros: 5,035 -> 5,016 (99.6%)
2026-07-22 17:45:37 | INFO     | logger:42 | Indicadores: 5016 exames, 151 mun, 409 arr
2026-07-22 17:45:37 | INFO     | app:26 | Iniciando Painel Inteligente de Vigilancia Cardiovascular v3.6.1
2026-07-22 17:45:38 | INFO     | logger:33 | Planilha: ecg.xlsx | 5,035 linhas x 136 colunas
2026-07-22 17:45:38 | INFO     | logger:38 | Filtros: 5,035 -> 5,016 (99.6%)
2026-07-22 17:45:39 | INFO     | logger:42 | Indicadores: 5016 exames, 151 mun, 409 arr
2026-07-22 17:45:39 | INFO     | app:26 | Iniciando Painel Inteligente de Vigilancia Cardiovascular v3.6.1
2026-07-22 17:45:39 | INFO     | logger:33 | Planilha: ecg.xlsx | 5,035 linhas x 136 colunas
2026-07-22 17:45:39 | INFO     | logger:38 | Filtros: 5,035 -> 5,016 (99.6%)
2026-07-22 17:45:40 | INFO     | logger:42 | Indicadores: 5016 exames, 151 mun, 409 arr
2026-07-22 17:45:40 | INFO     | app:26 | Iniciando Painel Inteligente de Vigilancia Cardiovascular v3.6.1
2026-07-22 17:45:40 | INFO     | logger:33 | Planilha: ecg.xlsx | 5,035 linhas x 136 colunas
2026-07-22 17:45:40 | INFO     | logger:38 | Filtros: 5,035 -> 5,016 (99.6%)
2026-07-22 17:45:41 | INFO     | logger:42 | Indicadores: 5016 exames, 151 mun, 409 arr
2026-07-22 17:45:41 | INFO     | app:26 | Iniciando Painel Inteligente de Vigilancia Cardiovascular v3.6.1
2026-07-22 17:45:41 | INFO     | logger:33 | Planilha: ecg.xlsx | 5,035 linhas x 136 colunas
2026-07-22 17:45:41 | INFO     | logger:38 | Filtros: 5,035 -> 5,016 (99.6%)
2026-07-22 17:45:42 | INFO     | logger:42 | Indicadores: 5016 exames, 151 mun, 409 arr
2026-07-22 17:45:42 | INFO     | app:26 | Iniciando Painel Inteligente de Vigilancia Cardiovascular v3.6.1
2026-07-22 17:45:42 | INFO     | logger:33 | Planilha: ecg.xlsx | 5,035 linhas x 136 colunas
2026-07-22 17:45:42 | INFO     | logger:38 | Filtros: 5,035 -> 5,016 (99.6%)
2026-07-22 17:45:43 | INFO     | logger:42 | Indicadores: 5016 exames, 151 mun, 409 arr
2026-07-22 17:45:43 | INFO     | app:26 | Iniciando Painel Inteligente de Vigilancia Cardiovascular v3.6.1
2026-07-22 17:45:43 | INFO     | logger:33 | Planilha: ecg.xlsx | 5,035 linhas x 136 colunas
2026-07-22 17:45:43 | INFO     | logger:38 | Filtros: 5,035 -> 5,016 (99.6%)
2026-07-22 17:45:44 | INFO     | logger:42 | Indicadores: 5016 exames, 151 mun, 409 arr
2026-07-22 17:45:45 | INFO     | app:26 | Iniciando Painel Inteligente de Vigilancia Cardiovascular v3.6.1
2026-07-22 17:45:45 | INFO     | logger:33 | Planilha: ecg.xlsx | 5,035 linhas x 136 colunas
2026-07-22 17:45:45 | INFO     | logger:38 | Filtros: 5,035 -> 5,016 (99.6%)
2026-07-22 17:45:46 | INFO     | logger:42 | Indicadores: 5016 exames, 151 mun, 409 arr
2026-07-22 17:45:46 | INFO     | app:26 | Iniciando Painel Inteligente de Vigilancia Cardiovascular v3.6.1
2026-07-22 17:45:46 | INFO     | logger:33 | Planilha: ecg.xlsx | 5,035 linhas x 136 colunas
2026-07-22 17:45:46 | INFO     | logger:38 | Filtros: 5,035 -> 5,016 (99.6%)
2026-07-22 17:45:47 | INFO     | logger:42 | Indicadores: 5016 exames, 151 mun, 409 arr
2026-07-22 17:45:47 | INFO     | app:26 | Iniciando Painel Inteligente de Vigilancia Cardiovascular v3.6.1
2026-07-22 17:45:47 | INFO     | logger:33 | Planilha: ecg.xlsx | 5,035 linhas x 136 colunas
2026-07-22 17:45:47 | INFO     | logger:38 | Filtros: 5,035 -> 5,016 (99.6%)
2026-07-22 17:45:48 | INFO     | logger:42 | Indicadores: 5016 exames, 151 mun, 409 arr
2026-07-22 17:45:48 | INFO     | app:26 | Iniciando Painel Inteligente de Vigilancia Cardiovascular v3.6.1
2026-07-22 17:45:48 | INFO     | logger:33 | Planilha: ecg.xlsx | 5,035 linhas x 136 colunas
2026-07-22 17:45:48 | INFO     | logger:38 | Filtros: 5,035 -> 5,016 (99.6%)
2026-07-22 17:45:50 | INFO     | logger:42 | Indicadores: 5016 exames, 151 mun, 409 arr
2026-07-22 17:45:50 | INFO     | app:26 | Iniciando Painel Inteligente de Vigilancia Cardiovascular v3.6.1
2026-07-22 17:45:50 | INFO     | logger:33 | Planilha: ecg.xlsx | 5,035 linhas x 136 colunas
2026-07-22 17:45:50 | INFO     | logger:38 | Filtros: 5,035 -> 5,016 (99.6%)
2026-07-22 17:45:51 | INFO     | logger:42 | Indicadores: 5016 exames, 151 mun, 409 arr
2026-07-22 17:45:51 | INFO     | app:26 | Iniciando Painel Inteligente de Vigilancia Cardiovascular v3.6.1
2026-07-22 17:45:51 | INFO     | logger:33 | Planilha: ecg.xlsx | 5,035 linhas x 136 colunas
2026-07-22 17:45:51 | INFO     | logger:38 | Filtros: 5,035 -> 5,016 (99.6%)
2026-07-22 17:45:52 | INFO     | logger:42 | Indicadores: 5016 exames, 151 mun, 409 arr
2026-07-22 17:45:52 | INFO     | app:26 | Iniciando Painel Inteligente de Vigilancia Cardiovascular v3.6.1
2026-07-22 17:45:52 | INFO     | logger:33 | Planilha: ecg.xlsx | 5,035 linhas x 136 colunas
2026-07-22 17:45:52 | INFO     | logger:38 | Filtros: 5,035 -> 5,016 (99.6%)
2026-07-22 17:45:53 | INFO     | logger:42 | Indicadores: 5016 exames, 151 mun, 409 arr
2026-07-22 17:45:53 | INFO     | app:26 | Iniciando Painel Inteligente de Vigilancia Cardiovascular v3.6.1
2026-07-22 17:45:53 | INFO     | logger:33 | Planilha: ecg.xlsx | 5,035 linhas x 136 colunas
2026-07-22 17:45:53 | INFO     | logger:38 | Filtros: 5,035 -> 5,016 (99.6%)
2026-07-22 17:45:55 | INFO     | logger:42 | Indicadores: 5016 exames, 151 mun, 409 arr
2026-07-22 17:45:55 | INFO     | app:26 | Iniciando Painel Inteligente de Vigilancia Cardiovascular v3.6.1
2026-07-22 17:45:55 | INFO     | logger:33 | Planilha: ecg.xlsx | 5,035 linhas x 136 colunas
2026-07-22 17:45:55 | INFO     | logger:38 | Filtros: 5,035 -> 5,016 (99.6%)
2026-07-22 17:45:56 | INFO     | logger:42 | Indicadores: 5016 exames, 151 mun, 409 arr
2026-07-22 17:45:56 | INFO     | app:26 | Iniciando Painel Inteligente de Vigilancia Cardiovascular v3.6.1
2026-07-22 17:45:56 | INFO     | logger:33 | Planilha: ecg.xlsx | 5,035 linhas x 136 colunas
2026-07-22 17:45:56 | INFO     | logger:38 | Filtros: 5,035 -> 5,016 (99.6%)
2026-07-22 17:45:57 | INFO     | logger:42 | Indicadores: 5016 exames, 151 mun, 409 arr
2026-07-22 17:45:57 | INFO     | app:26 | Iniciando Painel Inteligente de Vigilancia Cardiovascular v3.6.1
2026-07-22 17:45:57 | INFO     | logger:33 | Planilha: ecg.xlsx | 5,035 linhas x 136 colunas
2026-07-22 17:45:57 | INFO     | logger:38 | Filtros: 5,035 -> 5,016 (99.6%)
2026-07-22 17:45:58 | INFO     | logger:42 | Indicadores: 5016 exames, 151 mun, 409 arr
2026-07-22 17:48:06 | INFO     | app:26 | Iniciando Painel Inteligente de Vigilancia Cardiovascular v3.6.1
2026-07-22 17:48:09 | INFO     | cache:20 | [CACHE] cached_load: 5,035 linhas, 2633.1 ms
2026-07-22 17:48:09 | INFO     | logger:33 | Planilha: ecg.xlsx | 5,035 linhas x 136 colunas
2026-07-22 17:48:10 | INFO     | logger:38 | Filtros: 5,035 -> 5,016 (99.6%)
2026-07-22 17:48:10 | INFO     | logger:42 | Indicadores: 5016 exames, 151 mun, 409 arr
2026-07-22 17:48:13 | INFO     | logger:54 | [PIPELINE] Tempo total: 7855.6 ms
2026-07-22 17:48:46 | INFO     | app:26 | Iniciando Painel Inteligente de Vigilancia Cardiovascular v3.6.1
2026-07-22 17:48:46 | INFO     | logger:33 | Planilha: ecg.xlsx | 5,035 linhas x 136 colunas
2026-07-22 17:48:46 | INFO     | logger:38 | Filtros: 5,035 -> 5,016 (99.6%)
2026-07-22 17:48:47 | INFO     | logger:42 | Indicadores: 5016 exames, 151 mun, 409 arr
2026-07-22 17:48:49 | INFO     | logger:54 | [PIPELINE] Tempo total: 3663.9 ms
2026-07-22 17:48:58 | INFO     | app:26 | Iniciando Painel Inteligente de Vigilancia Cardiovascular v3.6.1
2026-07-22 17:48:58 | INFO     | logger:33 | Planilha: ecg.xlsx | 5,035 linhas x 136 colunas
2026-07-22 17:48:58 | INFO     | logger:38 | Filtros: 5,035 -> 5,016 (99.6%)
2026-07-22 17:48:59 | INFO     | logger:42 | Indicadores: 5016 exames, 151 mun, 409 arr
2026-07-22 17:49:02 | INFO     | logger:54 | [PIPELINE] Tempo total: 3380.3 ms
2026-07-22 17:49:11 | INFO     | app:26 | Iniciando Painel Inteligente de Vigilancia Cardiovascular v3.6.1
2026-07-22 17:49:11 | INFO     | logger:33 | Planilha: ecg.xlsx | 5,035 linhas x 136 colunas
2026-07-22 17:49:11 | INFO     | logger:38 | Filtros: 5,035 -> 5,016 (99.6%)
2026-07-22 17:49:12 | INFO     | logger:42 | Indicadores: 5016 exames, 151 mun, 409 arr
2026-07-22 17:49:14 | INFO     | logger:54 | [PIPELINE] Tempo total: 3522.3 ms
2026-07-22 17:51:04 | INFO     | app:26 | Iniciando Painel Inteligente de Vigilancia Cardiovascular v3.6.1
2026-07-22 17:51:07 | INFO     | cache:20 | [CACHE] cached_load: 5,035 linhas, 2529.9 ms
2026-07-22 17:51:07 | INFO     | logger:33 | Planilha: ecg.xlsx | 5,035 linhas x 136 colunas
2026-07-22 17:51:08 | INFO     | logger:38 | Filtros: 5,035 -> 5,016 (99.6%)
2026-07-22 17:51:09 | INFO     | logger:42 | Indicadores: 5016 exames, 151 mun, 409 arr
2026-07-22 17:51:12 | INFO     | logger:54 | [PIPELINE] Tempo total: 7862.1 ms
2026-07-22 17:51:14 | INFO     | app:26 | Iniciando Painel Inteligente de Vigilancia Cardiovascular v3.6.1
2026-07-22 17:51:14 | INFO     | logger:33 | Planilha: ecg.xlsx | 5,035 linhas x 136 colunas
2026-07-22 17:51:14 | INFO     | logger:38 | Filtros: 5,035 -> 5,016 (99.6%)
2026-07-22 17:51:14 | INFO     | logger:42 | Indicadores: 5016 exames, 151 mun, 409 arr
2026-07-22 17:51:17 | INFO     | logger:54 | [PIPELINE] Tempo total: 3378.8 ms
2026-07-22 17:51:53 | INFO     | app:26 | Iniciando Painel Inteligente de Vigilancia Cardiovascular v3.6.1
2026-07-22 17:51:53 | INFO     | logger:33 | Planilha: ecg.xlsx | 5,035 linhas x 136 colunas
2026-07-22 17:51:53 | INFO     | logger:38 | Filtros: 5,035 -> 5,016 (99.6%)
2026-07-22 17:51:54 | INFO     | logger:42 | Indicadores: 5016 exames, 151 mun, 409 arr
2026-07-22 17:51:56 | INFO     | logger:54 | [PIPELINE] Tempo total: 3548.4 ms
2026-07-22 18:01:36 | INFO     | app:26 | Iniciando Painel Inteligente de Vigilancia Cardiovascular v3.6.1
2026-07-22 18:01:39 | INFO     | cache:20 | [CACHE] cached_load: 5,035 linhas, 2490.1 ms
2026-07-22 18:01:39 | INFO     | logger:33 | Planilha: ecg.xlsx | 5,035 linhas x 136 colunas
2026-07-22 18:01:40 | INFO     | logger:38 | Filtros: 5,035 -> 5,016 (99.6%)
2026-07-22 18:01:40 | INFO     | logger:42 | Indicadores: 5016 exames, 151 mun, 409 arr
2026-07-22 18:01:44 | INFO     | logger:54 | [PIPELINE] Tempo total: 7924.9 ms
2026-07-22 18:01:53 | INFO     | app:26 | Iniciando Painel Inteligente de Vigilancia Cardiovascular v3.6.1
2026-07-22 18:01:53 | INFO     | logger:33 | Planilha: ecg.xlsx | 5,035 linhas x 136 colunas
2026-07-22 18:01:53 | INFO     | logger:38 | Filtros: 5,035 -> 5,016 (99.6%)
2026-07-22 18:01:54 | INFO     | logger:42 | Indicadores: 5016 exames, 151 mun, 409 arr
2026-07-22 18:01:56 | INFO     | logger:54 | [PIPELINE] Tempo total: 3361.6 ms
2026-07-22 18:02:09 | INFO     | app:26 | Iniciando Painel Inteligente de Vigilancia Cardiovascular v3.6.1
2026-07-22 18:02:09 | INFO     | logger:33 | Planilha: ecg.xlsx | 5,035 linhas x 136 colunas
2026-07-22 18:02:09 | INFO     | logger:38 | Filtros: 5,035 -> 5,016 (99.6%)
2026-07-22 18:02:10 | INFO     | logger:42 | Indicadores: 5016 exames, 151 mun, 409 arr
2026-07-22 18:02:12 | INFO     | logger:54 | [PIPELINE] Tempo total: 3307.8 ms
2026-07-22 18:02:18 | INFO     | app:26 | Iniciando Painel Inteligente de Vigilancia Cardiovascular v3.6.1
2026-07-22 18:02:18 | INFO     | logger:33 | Planilha: ecg.xlsx | 5,035 linhas x 136 colunas
2026-07-22 18:02:18 | INFO     | logger:38 | Filtros: 5,035 -> 5,016 (99.6%)
2026-07-22 18:02:19 | INFO     | logger:42 | Indicadores: 5016 exames, 151 mun, 409 arr
2026-07-22 18:02:21 | INFO     | logger:54 | [PIPELINE] Tempo total: 3324.9 ms
2026-07-22 18:02:26 | INFO     | app:26 | Iniciando Painel Inteligente de Vigilancia Cardiovascular v3.6.1
2026-07-22 18:02:26 | INFO     | logger:33 | Planilha: ecg.xlsx | 5,035 linhas x 136 colunas
2026-07-22 18:02:26 | INFO     | logger:38 | Filtros: 5,035 -> 5,016 (99.6%)
2026-07-22 18:02:27 | INFO     | logger:42 | Indicadores: 5016 exames, 151 mun, 409 arr
2026-07-22 18:02:29 | INFO     | logger:54 | [PIPELINE] Tempo total: 3287.9 ms
2026-07-22 18:02:29 | INFO     | app:26 | Iniciando Painel Inteligente de Vigilancia Cardiovascular v3.6.1
2026-07-22 18:02:29 | INFO     | logger:33 | Planilha: ecg.xlsx | 5,035 linhas x 136 colunas
2026-07-22 18:02:29 | INFO     | logger:38 | Filtros: 5,035 -> 5,016 (99.6%)
2026-07-22 18:02:30 | INFO     | logger:42 | Indicadores: 5016 exames, 151 mun, 409 arr
2026-07-22 18:02:33 | INFO     | logger:54 | [PIPELINE] Tempo total: 3398.9 ms
2026-07-22 18:02:45 | INFO     | app:26 | Iniciando Painel Inteligente de Vigilancia Cardiovascular v3.6.1
2026-07-22 18:02:45 | INFO     | logger:33 | Planilha: ecg.xlsx | 5,035 linhas x 136 colunas
2026-07-22 18:02:45 | INFO     | logger:38 | Filtros: 5,035 -> 5,016 (99.6%)
2026-07-22 18:02:46 | INFO     | logger:42 | Indicadores: 5016 exames, 151 mun, 409 arr
2026-07-22 18:02:49 | INFO     | logger:54 | [PIPELINE] Tempo total: 3676.3 ms
2026-07-22 18:03:03 | INFO     | app:26 | Iniciando Painel Inteligente de Vigilancia Cardiovascular v3.6.1
2026-07-22 18:03:03 | INFO     | logger:33 | Planilha: ecg.xlsx | 5,035 linhas x 136 colunas
2026-07-22 18:03:03 | INFO     | logger:38 | Filtros: 5,035 -> 5,016 (99.6%)
2026-07-22 18:03:04 | INFO     | logger:42 | Indicadores: 5016 exames, 151 mun, 409 arr
2026-07-22 18:03:07 | INFO     | logger:54 | [PIPELINE] Tempo total: 3640.3 ms
2026-07-22 18:03:18 | INFO     | app:26 | Iniciando Painel Inteligente de Vigilancia Cardiovascular v3.6.1
2026-07-22 18:03:18 | INFO     | logger:33 | Planilha: ecg.xlsx | 5,035 linhas x 136 colunas
2026-07-22 18:03:18 | INFO     | logger:38 | Filtros: 5,035 -> 5,016 (99.6%)
2026-07-22 18:03:19 | INFO     | logger:42 | Indicadores: 5016 exames, 151 mun, 409 arr
2026-07-22 18:03:22 | INFO     | logger:54 | [PIPELINE] Tempo total: 3601.4 ms
2026-07-22 18:03:24 | INFO     | app:26 | Iniciando Painel Inteligente de Vigilancia Cardiovascular v3.6.1
2026-07-22 18:03:24 | INFO     | logger:33 | Planilha: ecg.xlsx | 5,035 linhas x 136 colunas
2026-07-22 18:03:24 | INFO     | logger:38 | Filtros: 5,035 -> 5,016 (99.6%)
2026-07-22 18:03:25 | INFO     | logger:42 | Indicadores: 5016 exames, 151 mun, 409 arr
2026-07-22 18:03:28 | INFO     | logger:54 | [PIPELINE] Tempo total: 3473.9 ms
2026-07-22 18:03:31 | INFO     | app:26 | Iniciando Painel Inteligente de Vigilancia Cardiovascular v3.6.1
2026-07-22 18:03:31 | INFO     | logger:33 | Planilha: ecg.xlsx | 5,035 linhas x 136 colunas
2026-07-22 18:03:31 | INFO     | logger:38 | Filtros: 5,035 -> 5,016 (99.6%)
2026-07-22 18:03:31 | INFO     | logger:42 | Indicadores: 5016 exames, 151 mun, 409 arr
2026-07-22 18:03:34 | INFO     | logger:54 | [PIPELINE] Tempo total: 3299.3 ms
2026-07-22 18:03:42 | INFO     | app:26 | Iniciando Painel Inteligente de Vigilancia Cardiovascular v3.6.1
2026-07-22 18:03:42 | INFO     | logger:33 | Planilha: ecg.xlsx | 5,035 linhas x 136 colunas
2026-07-22 18:03:42 | INFO     | logger:38 | Filtros: 5,035 -> 5,016 (99.6%)
2026-07-22 18:03:42 | INFO     | logger:42 | Indicadores: 5016 exames, 151 mun, 409 arr
2026-07-22 18:03:45 | INFO     | logger:54 | [PIPELINE] Tempo total: 3363.5 ms
2026-07-22 18:04:55 | INFO     | app:26 | Iniciando Painel Inteligente de Vigilancia Cardiovascular v3.6.1
2026-07-22 18:04:55 | INFO     | logger:33 | Planilha: ecg.xlsx | 5,035 linhas x 136 colunas
2026-07-22 18:04:55 | INFO     | logger:38 | Filtros: 5,035 -> 5,016 (99.6%)
2026-07-22 18:04:56 | INFO     | logger:42 | Indicadores: 5016 exames, 151 mun, 409 arr
2026-07-22 18:04:59 | INFO     | logger:54 | [PIPELINE] Tempo total: 3391.1 ms
2026-07-22 18:05:10 | INFO     | app:26 | Iniciando Painel Inteligente de Vigilancia Cardiovascular v3.6.1
2026-07-22 18:05:10 | INFO     | logger:33 | Planilha: ecg.xlsx | 5,035 linhas x 136 colunas
2026-07-22 18:05:10 | INFO     | logger:38 | Filtros: 5,035 -> 5,016 (99.6%)
2026-07-22 18:05:11 | INFO     | logger:42 | Indicadores: 5016 exames, 151 mun, 409 arr
2026-07-22 18:05:13 | INFO     | logger:54 | [PIPELINE] Tempo total: 3366.2 ms
2026-07-22 18:12:55 | INFO     | app:26 | Iniciando Painel Inteligente de Vigilancia Cardiovascular v3.6.1
2026-07-22 18:12:59 | INFO     | cache:20 | [CACHE] cached_load: 5,035 linhas, 2559.4 ms
2026-07-22 18:12:59 | INFO     | logger:33 | Planilha: ecg.xlsx | 5,035 linhas x 136 colunas
2026-07-22 18:12:59 | INFO     | logger:38 | Filtros: 5,035 -> 5,016 (99.6%)
2026-07-22 18:13:00 | INFO     | logger:42 | Indicadores: 5016 exames, 151 mun, 409 arr
2026-07-22 18:13:04 | INFO     | logger:54 | [PIPELINE] Tempo total: 8205.8 ms
2026-07-22 18:13:12 | INFO     | app:26 | Iniciando Painel Inteligente de Vigilancia Cardiovascular v3.6.1
2026-07-22 18:13:12 | INFO     | logger:33 | Planilha: ecg.xlsx | 5,035 linhas x 136 colunas
2026-07-22 18:13:12 | INFO     | logger:38 | Filtros: 5,035 -> 5,016 (99.6%)
2026-07-22 18:13:13 | INFO     | logger:42 | Indicadores: 5016 exames, 151 mun, 409 arr
2026-07-22 18:13:16 | INFO     | logger:54 | [PIPELINE] Tempo total: 3663.6 ms
2026-07-22 18:13:39 | INFO     | app:26 | Iniciando Painel Inteligente de Vigilancia Cardiovascular v3.6.1
2026-07-22 18:13:39 | INFO     | logger:33 | Planilha: ecg.xlsx | 5,035 linhas x 136 colunas
2026-07-22 18:13:39 | INFO     | logger:38 | Filtros: 5,035 -> 5,016 (99.6%)
2026-07-22 18:13:40 | INFO     | logger:42 | Indicadores: 5016 exames, 151 mun, 409 arr
2026-07-22 18:13:43 | INFO     | logger:54 | [PIPELINE] Tempo total: 3718.5 ms
2026-07-22 18:14:09 | INFO     | app:26 | Iniciando Painel Inteligente de Vigilancia Cardiovascular v3.6.1
2026-07-22 18:14:09 | INFO     | logger:33 | Planilha: ecg.xlsx | 5,035 linhas x 136 colunas
2026-07-22 18:14:09 | INFO     | logger:38 | Filtros: 5,035 -> 5,016 (99.6%)
2026-07-22 18:14:09 | INFO     | logger:42 | Indicadores: 5016 exames, 151 mun, 409 arr
2026-07-22 18:14:12 | INFO     | logger:54 | [PIPELINE] Tempo total: 3701.8 ms
2026-07-22 18:21:02 | INFO     | app:26 | Iniciando Painel Inteligente de Vigilancia Cardiovascular v3.6.1
2026-07-22 18:21:05 | INFO     | cache:20 | [CACHE] cached_load: 5,035 linhas, 2525.5 ms
2026-07-22 18:21:05 | INFO     | logger:33 | Planilha: ecg.xlsx | 5,035 linhas x 136 colunas
2026-07-22 18:21:06 | INFO     | logger:38 | Filtros: 5,035 -> 5,016 (99.6%)
2026-07-22 18:21:07 | INFO     | logger:42 | Indicadores: 5016 exames, 151 mun, 409 arr
2026-07-22 18:21:10 | INFO     | logger:54 | [PIPELINE] Tempo total: 8173.6 ms
2026-07-22 18:21:27 | INFO     | app:26 | Iniciando Painel Inteligente de Vigilancia Cardiovascular v3.6.1
2026-07-22 18:21:27 | INFO     | logger:33 | Planilha: ecg.xlsx | 5,035 linhas x 136 colunas
2026-07-22 18:21:27 | INFO     | logger:38 | Filtros: 5,035 -> 5,016 (99.6%)
2026-07-22 18:21:28 | INFO     | logger:42 | Indicadores: 5016 exames, 151 mun, 409 arr
2026-07-22 18:21:31 | INFO     | logger:54 | [PIPELINE] Tempo total: 3712.8 ms
2026-07-22 18:24:35 | INFO     | app:26 | Iniciando Painel Inteligente de Vigilancia Cardiovascular v3.6.1
2026-07-22 18:24:36 | INFO     | app:26 | Iniciando Painel Inteligente de Vigilancia Cardiovascular v3.6.1
2026-07-22 18:24:39 | INFO     | cache:20 | [CACHE] cached_load: 5,035 linhas, 2553.4 ms
2026-07-22 18:24:39 | INFO     | logger:33 | Planilha: ecg.xlsx | 5,035 linhas x 136 colunas
2026-07-22 18:24:39 | INFO     | logger:38 | Filtros: 5,035 -> 5,016 (99.6%)
2026-07-22 18:24:40 | INFO     | logger:42 | Indicadores: 5016 exames, 151 mun, 409 arr
2026-07-22 18:24:43 | INFO     | logger:54 | [PIPELINE] Tempo total: 8091.4 ms
2026-07-22 18:26:10 | INFO     | app:26 | Iniciando Painel Inteligente de Vigilancia Cardiovascular v3.6.1
2026-07-22 18:26:10 | INFO     | logger:33 | Planilha: ecg.xlsx | 5,035 linhas x 136 colunas
2026-07-22 18:26:10 | INFO     | logger:38 | Filtros: 5,035 -> 5,016 (99.6%)
2026-07-22 18:26:11 | INFO     | logger:42 | Indicadores: 5016 exames, 151 mun, 409 arr
2026-07-22 18:26:14 | INFO     | logger:54 | [PIPELINE] Tempo total: 3840.5 ms
2026-07-22 18:43:07 | INFO     | app:26 | Iniciando Painel Inteligente de Vigilancia Cardiovascular v3.6.1
2026-07-22 18:43:10 | INFO     | cache:20 | [CACHE] cached_load: 5,035 linhas, 2534.4 ms
2026-07-22 18:43:10 | INFO     | logger:33 | Planilha: ecg.xlsx | 5,035 linhas x 136 colunas
2026-07-22 18:43:11 | INFO     | logger:38 | Filtros: 5,035 -> 5,016 (99.6%)
2026-07-22 18:43:11 | INFO     | logger:42 | Indicadores: 5016 exames, 151 mun, 409 arr
2026-07-22 18:43:15 | INFO     | logger:54 | [PIPELINE] Tempo total: 8011.1 ms
2026-07-22 18:43:25 | INFO     | app:26 | Iniciando Painel Inteligente de Vigilancia Cardiovascular v3.6.1
2026-07-22 18:43:25 | INFO     | logger:33 | Planilha: ecg.xlsx | 5,035 linhas x 136 colunas
2026-07-22 18:43:25 | INFO     | logger:38 | Filtros: 5,035 -> 5,016 (99.6%)
2026-07-22 18:43:26 | INFO     | logger:42 | Indicadores: 5016 exames, 151 mun, 409 arr
2026-07-22 18:43:29 | INFO     | logger:54 | [PIPELINE] Tempo total: 3631.0 ms
2026-07-22 18:43:38 | INFO     | app:26 | Iniciando Painel Inteligente de Vigilancia Cardiovascular v3.6.1
2026-07-22 18:43:38 | INFO     | logger:33 | Planilha: ecg.xlsx | 5,035 linhas x 136 colunas
2026-07-22 18:43:38 | INFO     | logger:38 | Filtros: 5,035 -> 5,016 (99.6%)
2026-07-22 18:43:38 | INFO     | logger:42 | Indicadores: 5016 exames, 151 mun, 409 arr
2026-07-22 18:43:41 | INFO     | logger:54 | [PIPELINE] Tempo total: 3700.8 ms
2026-07-22 18:44:13 | INFO     | app:26 | Iniciando Painel Inteligente de Vigilancia Cardiovascular v3.6.1
2026-07-22 18:44:13 | INFO     | logger:33 | Planilha: ecg.xlsx | 5,035 linhas x 136 colunas
2026-07-22 18:44:13 | INFO     | logger:38 | Filtros: 5,035 -> 5,016 (99.6%)
2026-07-22 18:44:14 | INFO     | logger:42 | Indicadores: 5016 exames, 151 mun, 409 arr
2026-07-22 18:44:17 | INFO     | logger:54 | [PIPELINE] Tempo total: 3785.9 ms
2026-07-22 18:45:19 | INFO     | app:26 | Iniciando Painel Inteligente de Vigilancia Cardiovascular v3.6.1
2026-07-22 18:45:19 | INFO     | logger:33 | Planilha: ecg.xlsx | 5,035 linhas x 136 colunas
2026-07-22 18:45:19 | INFO     | logger:38 | Filtros: 5,035 -> 5,016 (99.6%)
2026-07-22 18:45:19 | INFO     | logger:42 | Indicadores: 5016 exames, 151 mun, 409 arr
2026-07-22 18:45:22 | INFO     | logger:54 | [PIPELINE] Tempo total: 3864.6 ms
2026-07-22 18:45:45 | INFO     | app:26 | Iniciando Painel Inteligente de Vigilancia Cardiovascular v3.6.1
2026-07-22 18:45:45 | INFO     | logger:33 | Planilha: ecg.xlsx | 5,035 linhas x 136 colunas
2026-07-22 18:45:45 | INFO     | logger:38 | Filtros: 5,035 -> 5,016 (99.6%)
2026-07-22 18:45:45 | INFO     | logger:42 | Indicadores: 5016 exames, 151 mun, 409 arr
2026-07-22 18:45:48 | INFO     | logger:54 | [PIPELINE] Tempo total: 3755.2 ms
2026-07-22 18:46:20 | INFO     | app:26 | Iniciando Painel Inteligente de Vigilancia Cardiovascular v3.6.1
2026-07-22 18:46:20 | INFO     | logger:33 | Planilha: ecg.xlsx | 5,035 linhas x 136 colunas
2026-07-22 18:46:20 | INFO     | logger:38 | Filtros: 5,035 -> 5,016 (99.6%)
2026-07-22 18:46:21 | INFO     | logger:42 | Indicadores: 5016 exames, 151 mun, 409 arr
2026-07-22 18:46:24 | INFO     | logger:54 | [PIPELINE] Tempo total: 3845.4 ms
2026-07-22 18:50:45 | INFO     | app:26 | Iniciando Painel Inteligente de Vigilancia Cardiovascular v3.6.1
2026-07-22 18:50:48 | INFO     | cache:20 | [CACHE] cached_load: 5,035 linhas, 2586.7 ms
2026-07-22 18:50:48 | INFO     | logger:33 | Planilha: ecg.xlsx | 5,035 linhas x 136 colunas
2026-07-22 18:52:26 | INFO     | app:26 | Iniciando Painel Inteligente de Vigilancia Cardiovascular v3.6.1
2026-07-22 18:52:26 | INFO     | logger:33 | Planilha: ecg.xlsx | 5,035 linhas x 136 colunas
2026-07-22 18:52:26 | INFO     | logger:38 | Filtros: 5,035 -> 4,957 (98.5%)
2026-07-22 18:52:27 | INFO     | logger:42 | Indicadores: 4957 exames, 110 mun, 408 arr
2026-07-22 18:52:30 | INFO     | logger:54 | [PIPELINE] Tempo total: 4021.8 ms
2026-07-22 18:57:57 | INFO     | app:26 | Iniciando Painel Inteligente de Vigilancia Cardiovascular v3.6.1
2026-07-22 18:57:57 | INFO     | logger:33 | Planilha: ecg.xlsx | 5,035 linhas x 136 colunas
2026-07-22 18:57:58 | INFO     | logger:38 | Filtros: 5,035 -> 5,016 (99.6%)
2026-07-22 18:57:58 | INFO     | logger:42 | Indicadores: 5016 exames, 151 mun, 409 arr
2026-07-22 18:58:01 | INFO     | logger:54 | [PIPELINE] Tempo total: 3514.3 ms
2026-07-22 19:04:14 | INFO     | app:26 | Iniciando Painel Inteligente de Vigilancia Cardiovascular v3.6.1
2026-07-22 19:04:14 | INFO     | logger:33 | Planilha: ecg.xlsx | 5,035 linhas x 136 colunas
2026-07-22 19:04:14 | INFO     | logger:38 | Filtros: 5,035 -> 5,016 (99.6%)
2026-07-22 19:04:14 | INFO     | logger:42 | Indicadores: 5016 exames, 151 mun, 409 arr
2026-07-22 19:04:17 | INFO     | logger:54 | [PIPELINE] Tempo total: 3427.8 ms
2026-07-22 19:04:54 | INFO     | app:26 | Iniciando Painel Inteligente de Vigilancia Cardiovascular v3.6.1
2026-07-22 19:04:57 | INFO     | cache:20 | [CACHE] cached_load: 5,035 linhas, 2742.4 ms
2026-07-22 19:04:57 | INFO     | logger:33 | Planilha: ecg.xlsx | 5,035 linhas x 136 colunas
2026-07-22 19:04:58 | INFO     | logger:38 | Filtros: 5,035 -> 5,016 (99.6%)
2026-07-22 19:04:58 | INFO     | logger:42 | Indicadores: 5016 exames, 151 mun, 409 arr
2026-07-22 19:06:06 | INFO     | app:26 | Iniciando Painel Inteligente de Vigilancia Cardiovascular v3.6.1
2026-07-22 19:06:06 | INFO     | logger:33 | Planilha: ecg.xlsx | 5,035 linhas x 136 colunas
2026-07-22 19:06:06 | INFO     | logger:38 | Filtros: 5,035 -> 5,016 (99.6%)
2026-07-22 19:06:07 | INFO     | logger:42 | Indicadores: 5016 exames, 151 mun, 409 arr
2026-07-22 19:06:49 | INFO     | app:26 | Iniciando Painel Inteligente de Vigilancia Cardiovascular v3.6.1
2026-07-22 19:06:52 | INFO     | cache:20 | [CACHE] cached_load: 5,035 linhas, 2455.2 ms
2026-07-22 19:06:52 | INFO     | logger:33 | Planilha: ecg.xlsx | 5,035 linhas x 136 colunas
2026-07-22 19:06:53 | INFO     | logger:38 | Filtros: 5,035 -> 5,016 (99.6%)
2026-07-22 19:06:54 | INFO     | logger:42 | Indicadores: 5016 exames, 151 mun, 409 arr
2026-07-22 19:10:28 | INFO     | app:26 | Iniciando Painel Inteligente de Vigilancia Cardiovascular v3.6.1
2026-07-22 19:10:29 | ERROR    | logger:46 | [carregamento] SyntaxError: unterminated string literal (detected at line 15) (preprocess.py, line 15)
2026-07-22 19:11:18 | INFO     | app:26 | Iniciando Painel Inteligente de Vigilancia Cardiovascular v3.6.1
2026-07-22 19:11:21 | INFO     | cache:20 | [CACHE] cached_load: 5,037 linhas, 2666.5 ms
2026-07-22 19:11:21 | INFO     | logger:33 | Planilha: ecg.xlsx | 5,037 linhas x 136 colunas
2026-07-22 19:11:21 | INFO     | logger:38 | Filtros: 5,037 -> 5,018 (99.6%)
2026-07-22 19:11:22 | INFO     | logger:42 | Indicadores: 5018 exames, 151 mun, 409 arr
2026-07-22 19:11:25 | INFO     | logger:54 | [PIPELINE] Tempo total: 7356.4 ms
2026-07-22 19:16:40 | INFO     | app:26 | Iniciando Painel Inteligente de Vigilancia Cardiovascular v3.6.1
2026-07-22 19:16:43 | INFO     | cache:20 | [CACHE] cached_load: 5,037 linhas, 2538.5 ms
2026-07-22 19:16:43 | INFO     | logger:33 | Planilha: ecg.xlsx | 5,037 linhas x 136 colunas
2026-07-22 19:16:44 | INFO     | logger:38 | Filtros: 5,037 -> 5,018 (99.6%)
2026-07-22 19:16:45 | INFO     | logger:42 | Indicadores: 5018 exames, 151 mun, 409 arr
2026-07-22 19:16:48 | INFO     | logger:54 | [PIPELINE] Tempo total: 7677.8 ms
2026-07-22 19:16:54 | INFO     | app:26 | Iniciando Painel Inteligente de Vigilancia Cardiovascular v3.6.1
2026-07-22 19:16:54 | INFO     | logger:33 | Planilha: ecg.xlsx | 5,037 linhas x 136 colunas
2026-07-22 19:16:54 | INFO     | logger:38 | Filtros: 5,037 -> 5,018 (99.6%)
2026-07-22 19:16:55 | INFO     | logger:42 | Indicadores: 5018 exames, 151 mun, 409 arr
2026-07-22 19:16:57 | INFO     | logger:54 | [PIPELINE] Tempo total: 3470.1 ms
2026-07-22 19:18:16 | INFO     | app:26 | Iniciando Painel Inteligente de Vigilancia Cardiovascular v3.6.1
2026-07-22 19:18:19 | INFO     | cache:20 | [CACHE] cached_load: 5,037 linhas, 2594.9 ms
2026-07-22 19:18:19 | INFO     | logger:33 | Planilha: ecg.xlsx | 5,037 linhas x 136 colunas
2026-07-22 19:18:20 | INFO     | logger:38 | Filtros: 5,037 -> 5,018 (99.6%)
2026-07-22 19:18:21 | INFO     | logger:42 | Indicadores: 5018 exames, 151 mun, 409 arr
2026-07-22 19:18:24 | INFO     | logger:54 | [PIPELINE] Tempo total: 7652.4 ms
2026-07-22 19:18:26 | INFO     | app:26 | Iniciando Painel Inteligente de Vigilancia Cardiovascular v3.6.1
2026-07-22 19:18:26 | INFO     | logger:33 | Planilha: ecg.xlsx | 5,037 linhas x 136 colunas
2026-07-22 19:18:26 | INFO     | logger:38 | Filtros: 5,037 -> 5,018 (99.6%)
2026-07-22 19:18:27 | INFO     | logger:42 | Indicadores: 5018 exames, 151 mun, 409 arr
2026-07-22 19:18:30 | INFO     | logger:54 | [PIPELINE] Tempo total: 3367.2 ms
2026-07-22 19:22:33 | INFO     | app:26 | Iniciando Painel Inteligente de Vigilancia Cardiovascular v3.6.1
2026-07-22 19:22:36 | INFO     | logger:33 | Planilha: ecg.xlsx | 5,037 linhas x 136 colunas
2026-07-22 19:22:37 | INFO     | logger:38 | Filtros: 5,037 -> 5,018 (99.6%)
2026-07-22 19:22:38 | INFO     | logger:42 | Indicadores: 5018 exames, 151 mun, 409 arr
2026-07-22 19:22:41 | INFO     | logger:54 | [PIPELINE] Tempo total: 7622.0 ms
2026-07-22 19:22:43 | INFO     | app:26 | Iniciando Painel Inteligente de Vigilancia Cardiovascular v3.6.1
2026-07-22 19:22:45 | INFO     | logger:33 | Planilha: ecg.xlsx | 5,037 linhas x 136 colunas
2026-07-22 19:22:45 | INFO     | logger:38 | Filtros: 5,037 -> 5,018 (99.6%)
2026-07-22 19:22:46 | INFO     | logger:42 | Indicadores: 5018 exames, 151 mun, 409 arr
2026-07-22 19:22:48 | INFO     | logger:54 | [PIPELINE] Tempo total: 5780.5 ms
2026-07-22 19:23:09 | INFO     | app:26 | Iniciando Painel Inteligente de Vigilancia Cardiovascular v3.6.1
2026-07-22 19:23:11 | INFO     | logger:33 | Planilha: ecg.xlsx | 5,037 linhas x 136 colunas
2026-07-22 19:23:11 | INFO     | logger:38 | Filtros: 5,037 -> 5,018 (99.6%)
2026-07-22 19:23:12 | INFO     | logger:42 | Indicadores: 5018 exames, 151 mun, 409 arr
2026-07-22 19:23:15 | INFO     | logger:54 | [PIPELINE] Tempo total: 5663.7 ms
2026-07-22 19:23:23 | INFO     | app:26 | Iniciando Painel Inteligente de Vigilancia Cardiovascular v3.6.1
2026-07-22 19:23:25 | INFO     | logger:33 | Planilha: ecg.xlsx | 5,037 linhas x 136 colunas
2026-07-22 19:23:25 | INFO     | logger:38 | Filtros: 5,037 -> 5,018 (99.6%)
2026-07-22 19:23:26 | INFO     | logger:42 | Indicadores: 5018 exames, 151 mun, 409 arr
2026-07-22 19:23:29 | INFO     | logger:54 | [PIPELINE] Tempo total: 5446.7 ms
2026-07-22 19:25:41 | INFO     | app:26 | Iniciando Painel Inteligente de Vigilancia Cardiovascular v3.6.1
2026-07-22 19:25:45 | INFO     | logger:33 | Planilha: ecg.xlsx | 5,037 linhas x 136 colunas
2026-07-22 19:25:45 | INFO     | logger:38 | Filtros: 5,037 -> 5,018 (99.6%)
2026-07-22 19:25:46 | INFO     | logger:42 | Indicadores: 5018 exames, 151 mun, 409 arr
2026-07-22 19:25:49 | INFO     | logger:54 | [PIPELINE] Tempo total: 7858.2 ms
2026-07-22 19:25:50 | INFO     | app:26 | Iniciando Painel Inteligente de Vigilancia Cardiovascular v3.6.1
2026-07-22 19:25:53 | INFO     | logger:33 | Planilha: ecg.xlsx | 5,037 linhas x 136 colunas
2026-07-22 19:25:53 | INFO     | logger:38 | Filtros: 5,037 -> 5,018 (99.6%)
2026-07-22 19:25:53 | INFO     | logger:42 | Indicadores: 5018 exames, 151 mun, 409 arr
2026-07-22 19:25:56 | INFO     | logger:54 | [PIPELINE] Tempo total: 5772.3 ms
2026-07-22 19:28:31 | INFO     | app:26 | Iniciando Painel Inteligente de Vigilancia Cardiovascular v3.6.1
2026-07-22 19:28:34 | INFO     | logger:33 | Planilha: ecg.xlsx | 5,037 linhas x 136 colunas
2026-07-22 19:28:35 | INFO     | logger:38 | Filtros: 5,037 -> 5,018 (99.6%)
2026-07-22 19:28:35 | INFO     | logger:42 | Indicadores: 5018 exames, 151 mun, 409 arr
2026-07-22 19:28:38 | INFO     | logger:54 | [PIPELINE] Tempo total: 7624.2 ms
2026-07-22 19:28:40 | INFO     | app:26 | Iniciando Painel Inteligente de Vigilancia Cardiovascular v3.6.1
2026-07-22 19:28:43 | INFO     | logger:33 | Planilha: ecg.xlsx | 5,037 linhas x 136 colunas
2026-07-22 19:28:43 | INFO     | logger:38 | Filtros: 5,037 -> 5,018 (99.6%)
2026-07-22 19:28:44 | INFO     | logger:42 | Indicadores: 5018 exames, 151 mun, 409 arr
2026-07-22 19:28:46 | INFO     | logger:54 | [PIPELINE] Tempo total: 5757.7 ms
2026-07-22 19:28:48 | INFO     | app:26 | Iniciando Painel Inteligente de Vigilancia Cardiovascular v3.6.1
2026-07-22 19:28:50 | INFO     | logger:33 | Planilha: ecg.xlsx | 5,037 linhas x 136 colunas
2026-07-22 19:28:50 | INFO     | logger:38 | Filtros: 5,037 -> 5,018 (99.6%)
2026-07-22 19:28:51 | INFO     | logger:42 | Indicadores: 5018 exames, 151 mun, 409 arr
2026-07-22 19:28:54 | INFO     | logger:54 | [PIPELINE] Tempo total: 5701.7 ms
2026-07-22 19:28:54 | INFO     | app:26 | Iniciando Painel Inteligente de Vigilancia Cardiovascular v3.6.1
2026-07-22 19:28:56 | INFO     | logger:33 | Planilha: ecg.xlsx | 5,037 linhas x 136 colunas
2026-07-22 19:28:56 | INFO     | logger:38 | Filtros: 5,037 -> 5,018 (99.6%)
2026-07-22 19:28:57 | INFO     | logger:42 | Indicadores: 5018 exames, 151 mun, 409 arr
2026-07-22 19:29:00 | INFO     | logger:54 | [PIPELINE] Tempo total: 5639.7 ms
2026-07-22 19:35:31 | INFO     | app:26 | Iniciando Painel Inteligente de Vigilancia Cardiovascular v3.6.1
2026-07-22 19:35:34 | INFO     | logger:33 | Planilha: ecg.xlsx | 5,037 linhas x 136 colunas
2026-07-22 19:35:35 | INFO     | logger:38 | Filtros: 5,037 -> 5,028 (99.8%)
2026-07-22 19:35:36 | INFO     | logger:42 | Indicadores: 5028 exames, 151 mun, 409 arr
2026-07-22 19:35:39 | INFO     | logger:54 | [PIPELINE] Tempo total: 7620.2 ms
2026-07-22 19:35:40 | INFO     | app:26 | Iniciando Painel Inteligente de Vigilancia Cardiovascular v3.6.1
2026-07-22 19:35:42 | INFO     | logger:33 | Planilha: ecg.xlsx | 5,037 linhas x 136 colunas
2026-07-22 19:35:42 | INFO     | logger:38 | Filtros: 5,037 -> 5,028 (99.8%)
2026-07-22 19:35:43 | INFO     | logger:42 | Indicadores: 5028 exames, 151 mun, 409 arr
2026-07-22 19:35:45 | INFO     | logger:54 | [PIPELINE] Tempo total: 5697.4 ms
2026-07-22 19:41:59 | INFO     | app:26 | Iniciando Painel Inteligente de Vigilancia Cardiovascular v3.6.1
2026-07-22 19:42:02 | INFO     | logger:33 | Planilha: ecg.xlsx | 5,037 linhas x 136 colunas
2026-07-22 19:42:04 | INFO     | logger:38 | Filtros: 5,037 -> 5,028 (99.8%)
2026-07-22 19:42:04 | INFO     | logger:42 | Indicadores: 5028 exames, 151 mun, 409 arr
2026-07-22 19:42:08 | INFO     | logger:54 | [PIPELINE] Tempo total: 8799.3 ms
2026-07-22 19:42:09 | INFO     | app:26 | Iniciando Painel Inteligente de Vigilancia Cardiovascular v3.6.1
2026-07-22 19:42:12 | INFO     | logger:33 | Planilha: ecg.xlsx | 5,037 linhas x 136 colunas
2026-07-22 19:42:12 | INFO     | logger:38 | Filtros: 5,037 -> 5,028 (99.8%)
2026-07-22 19:42:13 | INFO     | logger:42 | Indicadores: 5028 exames, 151 mun, 409 arr
2026-07-22 19:42:15 | INFO     | logger:54 | [PIPELINE] Tempo total: 5862.3 ms
2026-07-22 19:47:51 | INFO     | app:26 | Iniciando Painel Inteligente de Vigilancia Cardiovascular v3.6.1
2026-07-22 19:47:51 | INFO     | app:26 | Iniciando Painel Inteligente de Vigilancia Cardiovascular v3.6.1
2026-07-22 19:47:54 | INFO     | logger:33 | Planilha: ecg.xlsx | 5,037 linhas x 136 colunas
2026-07-22 19:47:56 | INFO     | logger:33 | Planilha: ecg.xlsx | 5,037 linhas x 136 colunas
2026-07-22 19:47:57 | INFO     | logger:38 | Filtros: 5,037 -> 5,028 (99.8%)
2026-07-22 19:47:57 | INFO     | logger:38 | Filtros: 5,037 -> 5,028 (99.8%)
2026-07-22 19:47:59 | INFO     | logger:42 | Indicadores: 5028 exames, 151 mun, 409 arr
2026-07-22 19:47:59 | INFO     | logger:42 | Indicadores: 5028 exames, 151 mun, 409 arr
2026-07-22 19:48:04 | INFO     | app:26 | Iniciando Painel Inteligente de Vigilancia Cardiovascular v3.6.1
2026-07-22 19:48:05 | INFO     | logger:54 | [PIPELINE] Tempo total: 13883.4 ms
2026-07-22 19:48:07 | INFO     | logger:33 | Planilha: ecg.xlsx | 5,037 linhas x 136 colunas
2026-07-22 19:48:07 | INFO     | logger:38 | Filtros: 5,037 -> 5,028 (99.8%)
2026-07-22 19:48:08 | INFO     | logger:42 | Indicadores: 5028 exames, 151 mun, 409 arr
2026-07-22 19:48:10 | INFO     | logger:54 | [PIPELINE] Tempo total: 6382.1 ms
2026-07-22 19:48:14 | INFO     | app:26 | Iniciando Painel Inteligente de Vigilancia Cardiovascular v3.6.1
2026-07-22 19:48:17 | INFO     | logger:33 | Planilha: ecg.xlsx | 5,037 linhas x 136 colunas
2026-07-22 19:48:17 | INFO     | logger:38 | Filtros: 5,037 -> 5,028 (99.8%)
2026-07-22 19:48:17 | INFO     | logger:42 | Indicadores: 5028 exames, 151 mun, 409 arr
2026-07-22 19:48:20 | INFO     | logger:54 | [PIPELINE] Tempo total: 5865.5 ms
2026-07-22 19:51:26 | INFO     | app:26 | Iniciando Painel Inteligente de Vigilancia Cardiovascular v3.6.1
2026-07-22 19:51:29 | INFO     | logger:33 | Planilha: ecg.xlsx | 5,037 linhas x 136 colunas
2026-07-22 19:53:25 | INFO     | app:26 | Iniciando Painel Inteligente de Vigilancia Cardiovascular v3.6.1
2026-07-22 19:53:25 | INFO     | app:26 | Iniciando Painel Inteligente de Vigilancia Cardiovascular v3.6.1
2026-07-22 19:53:28 | INFO     | logger:33 | Planilha: ecg.xlsx | 5,037 linhas x 136 colunas
2026-07-22 19:53:29 | INFO     | logger:38 | Filtros: 5,037 -> 5,037 (100.0%)
2026-07-22 19:53:29 | INFO     | logger:42 | Indicadores: 5037 exames, 151 mun, 410 arr
2026-07-22 19:53:32 | INFO     | logger:54 | [PIPELINE] Tempo total: 7782.7 ms
2026-07-22 19:53:45 | INFO     | app:26 | Iniciando Painel Inteligente de Vigilancia Cardiovascular v3.6.1
2026-07-22 19:53:48 | INFO     | logger:33 | Planilha: ecg.xlsx | 5,037 linhas x 136 colunas
2026-07-22 19:53:48 | INFO     | logger:38 | Filtros: 5,037 -> 5,037 (100.0%)
2026-07-22 19:53:49 | INFO     | logger:42 | Indicadores: 5037 exames, 151 mun, 410 arr
2026-07-22 19:53:51 | INFO     | logger:54 | [PIPELINE] Tempo total: 5671.9 ms
2026-07-22 19:56:12 | INFO     | app:26 | Iniciando Painel Inteligente de Vigilancia Cardiovascular v3.6.1
2026-07-22 19:56:14 | INFO     | logger:33 | Planilha: ecg.xlsx | 5,037 linhas x 136 colunas
2026-07-22 19:56:14 | INFO     | logger:38 | Filtros: 5,037 -> 5,037 (100.0%)
2026-07-22 19:56:15 | INFO     | logger:42 | Indicadores: 5037 exames, 151 mun, 410 arr
2026-07-22 19:56:18 | INFO     | logger:54 | [PIPELINE] Tempo total: 5751.6 ms
2026-07-22 19:56:22 | INFO     | app:26 | Iniciando Painel Inteligente de Vigilancia Cardiovascular v3.6.1
2026-07-22 19:56:24 | INFO     | logger:33 | Planilha: ecg.xlsx | 5,037 linhas x 136 colunas
2026-07-22 19:56:24 | INFO     | logger:38 | Filtros: 5,037 -> 5,037 (100.0%)
2026-07-22 19:56:25 | INFO     | logger:42 | Indicadores: 5037 exames, 151 mun, 410 arr
2026-07-22 19:56:27 | INFO     | logger:54 | [PIPELINE] Tempo total: 5441.8 ms
2026-07-22 19:56:55 | INFO     | app:26 | Iniciando Painel Inteligente de Vigilancia Cardiovascular v3.6.1
2026-07-22 19:56:58 | INFO     | logger:33 | Planilha: ecg.xlsx | 5,037 linhas x 136 colunas
2026-07-22 19:56:58 | INFO     | logger:38 | Filtros: 5,037 -> 5,037 (100.0%)
2026-07-22 19:56:58 | INFO     | logger:42 | Indicadores: 5037 exames, 151 mun, 410 arr
2026-07-22 19:57:01 | INFO     | logger:54 | [PIPELINE] Tempo total: 5756.0 ms
2026-07-22 19:57:39 | INFO     | app:26 | Iniciando Painel Inteligente de Vigilancia Cardiovascular v3.6.1
2026-07-22 19:57:42 | INFO     | logger:33 | Planilha: ecg.xlsx | 5,037 linhas x 136 colunas
2026-07-22 19:57:42 | INFO     | logger:38 | Filtros: 5,037 -> 5,037 (100.0%)
2026-07-22 19:57:43 | INFO     | logger:42 | Indicadores: 5037 exames, 151 mun, 410 arr
2026-07-22 19:57:45 | INFO     | logger:54 | [PIPELINE] Tempo total: 5811.3 ms
2026-07-22 19:58:42 | INFO     | app:26 | Iniciando Painel Inteligente de Vigilancia Cardiovascular v3.6.1
2026-07-22 19:58:45 | INFO     | logger:33 | Planilha: ecg.xlsx | 5,037 linhas x 136 colunas
2026-07-22 19:58:45 | INFO     | logger:38 | Filtros: 5,037 -> 5,037 (100.0%)
2026-07-22 19:58:46 | INFO     | logger:42 | Indicadores: 5037 exames, 151 mun, 410 arr
2026-07-22 19:58:48 | INFO     | logger:54 | [PIPELINE] Tempo total: 5622.0 ms
2026-07-22 20:03:39 | INFO     | app:26 | Iniciando Painel Inteligente de Vigilancia Cardiovascular v3.6.1
2026-07-22 20:03:42 | INFO     | logger:33 | Planilha: ecg.xlsx | 5,037 linhas x 136 colunas
2026-07-22 20:03:42 | INFO     | logger:38 | Filtros: 5,037 -> 5,037 (100.0%)
2026-07-22 20:03:43 | INFO     | logger:42 | Indicadores: 5037 exames, 151 mun, 410 arr
2026-07-22 20:03:45 | INFO     | logger:54 | [PIPELINE] Tempo total: 5879.3 ms
2026-07-22 20:03:51 | INFO     | app:26 | Iniciando Painel Inteligente de Vigilancia Cardiovascular v3.6.1
2026-07-22 20:03:53 | INFO     | logger:33 | Planilha: ecg.xlsx | 5,037 linhas x 136 colunas
2026-07-22 20:03:53 | INFO     | logger:38 | Filtros: 5,037 -> 5,037 (100.0%)
2026-07-22 20:03:54 | INFO     | logger:42 | Indicadores: 5037 exames, 151 mun, 410 arr
2026-07-22 20:03:56 | INFO     | logger:54 | [PIPELINE] Tempo total: 5686.9 ms
2026-07-22 20:07:59 | INFO     | app:26 | Iniciando Painel Inteligente de Vigilancia Cardiovascular v3.6.1
2026-07-22 20:08:00 | INFO     | app:26 | Iniciando Painel Inteligente de Vigilancia Cardiovascular v3.6.1
2026-07-22 20:08:03 | INFO     | logger:33 | Planilha: ecg.xlsx | 5,037 linhas x 136 colunas
2026-07-22 20:08:06 | INFO     | logger:38 | Filtros: 5,037 -> 5,037 (100.0%)
2026-07-22 20:08:06 | INFO     | logger:42 | Indicadores: 5037 exames, 151 mun, 410 arr
2026-07-22 20:08:10 | INFO     | logger:54 | [PIPELINE] Tempo total: 10401.7 ms
2026-07-22 20:08:11 | INFO     | app:26 | Iniciando Painel Inteligente de Vigilancia Cardiovascular v3.6.1
2026-07-22 20:08:13 | INFO     | logger:33 | Planilha: ecg.xlsx | 5,037 linhas x 136 colunas
2026-07-22 20:08:13 | INFO     | logger:38 | Filtros: 5,037 -> 5,037 (100.0%)
2026-07-22 20:08:14 | INFO     | logger:42 | Indicadores: 5037 exames, 151 mun, 410 arr
2026-07-22 20:08:16 | INFO     | logger:54 | [PIPELINE] Tempo total: 5565.8 ms
2026-07-22 20:08:23 | INFO     | app:26 | Iniciando Painel Inteligente de Vigilancia Cardiovascular v3.6.1
2026-07-22 20:08:26 | INFO     | logger:33 | Planilha: ecg.xlsx | 5,037 linhas x 136 colunas
2026-07-22 20:08:26 | INFO     | logger:38 | Filtros: 5,037 -> 5,037 (100.0%)
2026-07-22 20:08:27 | INFO     | logger:42 | Indicadores: 5037 exames, 151 mun, 410 arr
2026-07-22 20:08:29 | INFO     | logger:54 | [PIPELINE] Tempo total: 5908.3 ms
2026-07-22 20:18:12 | INFO     | app:26 | Iniciando Painel Inteligente de Vigilancia Cardiovascular v3.6.1
2026-07-22 20:18:15 | INFO     | logger:33 | Planilha: ecg.xlsx | 5,037 linhas x 136 colunas
2026-07-22 20:18:16 | INFO     | logger:38 | Filtros: 5,037 -> 4,978 (98.8%)
2026-07-22 20:18:17 | INFO     | logger:42 | Indicadores: 4978 exames, 110 mun, 409 arr
2026-07-22 20:18:21 | INFO     | logger:54 | [PIPELINE] Tempo total: 8628.3 ms
2026-07-22 20:18:37 | INFO     | app:26 | Iniciando Painel Inteligente de Vigilancia Cardiovascular v3.6.1
2026-07-22 20:18:39 | INFO     | logger:33 | Planilha: ecg.xlsx | 5,037 linhas x 136 colunas
2026-07-22 20:18:39 | INFO     | logger:38 | Filtros: 5,037 -> 4,978 (98.8%)
2026-07-22 20:18:40 | INFO     | logger:42 | Indicadores: 4978 exames, 110 mun, 409 arr
2026-07-22 20:18:43 | INFO     | logger:54 | [PIPELINE] Tempo total: 5463.4 ms
2026-07-22 20:18:59 | INFO     | app:26 | Iniciando Painel Inteligente de Vigilancia Cardiovascular v3.6.1
2026-07-22 20:19:01 | INFO     | logger:33 | Planilha: ecg.xlsx | 5,037 linhas x 136 colunas
2026-07-22 20:19:01 | INFO     | logger:38 | Filtros: 5,037 -> 4,978 (98.8%)
2026-07-22 20:19:02 | INFO     | logger:42 | Indicadores: 4978 exames, 110 mun, 409 arr
2026-07-22 20:19:11 | INFO     | app:26 | Iniciando Painel Inteligente de Vigilancia Cardiovascular v3.6.1
2026-07-22 20:19:14 | INFO     | logger:33 | Planilha: ecg.xlsx | 5,037 linhas x 136 colunas
2026-07-22 20:19:14 | INFO     | logger:38 | Filtros: 5,037 -> 4,978 (98.8%)
2026-07-22 20:19:15 | INFO     | logger:42 | Indicadores: 4978 exames, 110 mun, 409 arr
2026-07-22 20:19:19 | INFO     | app:26 | Iniciando Painel Inteligente de Vigilancia Cardiovascular v3.6.1
2026-07-22 20:19:21 | INFO     | logger:33 | Planilha: ecg.xlsx | 5,037 linhas x 136 colunas
2026-07-22 20:19:21 | INFO     | logger:38 | Filtros: 5,037 -> 4,978 (98.8%)
2026-07-22 20:19:22 | INFO     | logger:42 | Indicadores: 4978 exames, 110 mun, 409 arr
2026-07-22 20:19:24 | INFO     | logger:54 | [PIPELINE] Tempo total: 5481.1 ms
2026-07-22 20:19:32 | INFO     | app:26 | Iniciando Painel Inteligente de Vigilancia Cardiovascular v3.6.1
2026-07-22 20:19:34 | INFO     | logger:33 | Planilha: ecg.xlsx | 5,037 linhas x 136 colunas
2026-07-22 20:19:34 | INFO     | logger:38 | Filtros: 5,037 -> 4,978 (98.8%)
2026-07-22 20:19:35 | INFO     | logger:42 | Indicadores: 4978 exames, 110 mun, 409 arr
2026-07-22 20:20:09 | INFO     | app:26 | Iniciando Painel Inteligente de Vigilancia Cardiovascular v3.6.1
2026-07-22 20:20:12 | INFO     | logger:33 | Planilha: ecg.xlsx | 5,037 linhas x 136 colunas
2026-07-22 20:20:12 | INFO     | logger:38 | Filtros: 5,037 -> 4,978 (98.8%)
2026-07-22 20:20:12 | INFO     | logger:42 | Indicadores: 4978 exames, 110 mun, 409 arr
2026-07-22 20:20:15 | INFO     | logger:54 | [PIPELINE] Tempo total: 5724.8 ms
2026-07-22 20:21:58 | INFO     | app:26 | Iniciando Painel Inteligente de Vigilancia Cardiovascular v3.6.1
2026-07-22 20:22:00 | INFO     | logger:33 | Planilha: ecg.xlsx | 5,037 linhas x 136 colunas
2026-07-22 20:22:00 | INFO     | logger:38 | Filtros: 5,037 -> 4,978 (98.8%)
2026-07-22 20:22:01 | INFO     | logger:42 | Indicadores: 4978 exames, 110 mun, 409 arr
2026-07-22 20:22:03 | INFO     | logger:54 | [PIPELINE] Tempo total: 5748.3 ms
2026-07-22 20:22:06 | INFO     | app:26 | Iniciando Painel Inteligente de Vigilancia Cardiovascular v3.6.1
2026-07-22 20:22:09 | INFO     | logger:33 | Planilha: ecg.xlsx | 5,037 linhas x 136 colunas
2026-07-22 20:22:09 | INFO     | logger:38 | Filtros: 5,037 -> 4,978 (98.8%)
2026-07-22 20:22:09 | INFO     | logger:42 | Indicadores: 4978 exames, 110 mun, 409 arr
2026-07-22 20:22:12 | INFO     | logger:54 | [PIPELINE] Tempo total: 5929.3 ms
2026-07-22 20:22:15 | INFO     | app:26 | Iniciando Painel Inteligente de Vigilancia Cardiovascular v3.6.1
2026-07-22 20:22:17 | INFO     | logger:33 | Planilha: ecg.xlsx | 5,037 linhas x 136 colunas
2026-07-22 20:22:17 | INFO     | logger:38 | Filtros: 5,037 -> 4,978 (98.8%)
2026-07-22 20:22:18 | INFO     | logger:42 | Indicadores: 4978 exames, 110 mun, 409 arr
2026-07-22 20:22:44 | INFO     | app:26 | Iniciando Painel Inteligente de Vigilancia Cardiovascular v3.6.1
2026-07-22 20:22:48 | INFO     | logger:33 | Planilha: ecg.xlsx | 5,037 linhas x 136 colunas
2026-07-22 20:22:48 | INFO     | logger:38 | Filtros: 5,037 -> 4,978 (98.8%)
2026-07-22 20:22:49 | INFO     | logger:42 | Indicadores: 4978 exames, 110 mun, 409 arr
2026-07-22 20:22:52 | INFO     | logger:54 | [PIPELINE] Tempo total: 7817.4 ms
2026-07-22 20:23:01 | INFO     | app:26 | Iniciando Painel Inteligente de Vigilancia Cardiovascular v3.6.1
2026-07-22 20:23:03 | INFO     | logger:33 | Planilha: ecg.xlsx | 5,037 linhas x 136 colunas
2026-07-22 20:23:03 | INFO     | logger:38 | Filtros: 5,037 -> 4,978 (98.8%)
2026-07-22 20:23:04 | INFO     | logger:42 | Indicadores: 4978 exames, 110 mun, 409 arr
2026-07-22 20:23:07 | INFO     | logger:54 | [PIPELINE] Tempo total: 5692.2 ms
2026-07-22 20:23:09 | INFO     | app:26 | Iniciando Painel Inteligente de Vigilancia Cardiovascular v3.6.1
2026-07-22 20:23:11 | INFO     | logger:33 | Planilha: ecg.xlsx | 5,037 linhas x 136 colunas
2026-07-22 20:23:11 | INFO     | logger:38 | Filtros: 5,037 -> 4,978 (98.8%)
2026-07-22 20:23:12 | INFO     | logger:42 | Indicadores: 4978 exames, 110 mun, 409 arr
2026-07-22 20:23:14 | INFO     | logger:54 | [PIPELINE] Tempo total: 5580.0 ms
2026-07-22 20:23:39 | INFO     | app:26 | Iniciando Painel Inteligente de Vigilancia Cardiovascular v3.6.1
2026-07-22 20:23:42 | INFO     | logger:33 | Planilha: ecg.xlsx | 5,037 linhas x 136 colunas
2026-07-22 20:23:42 | INFO     | logger:38 | Filtros: 5,037 -> 4,978 (98.8%)
2026-07-22 20:23:42 | INFO     | logger:42 | Indicadores: 4978 exames, 110 mun, 409 arr
2026-07-22 20:23:45 | INFO     | logger:54 | [PIPELINE] Tempo total: 5694.7 ms
2026-07-22 20:23:53 | INFO     | app:26 | Iniciando Painel Inteligente de Vigilancia Cardiovascular v3.6.1
2026-07-22 20:23:56 | INFO     | logger:33 | Planilha: ecg.xlsx | 5,037 linhas x 136 colunas
2026-07-22 20:23:56 | INFO     | logger:38 | Filtros: 5,037 -> 4,978 (98.8%)
2026-07-22 20:23:56 | INFO     | logger:42 | Indicadores: 4978 exames, 110 mun, 409 arr
2026-07-22 20:23:57 | INFO     | app:26 | Iniciando Painel Inteligente de Vigilancia Cardiovascular v3.6.1
2026-07-22 20:24:00 | INFO     | logger:33 | Planilha: ecg.xlsx | 5,037 linhas x 136 colunas
2026-07-22 20:24:00 | INFO     | logger:38 | Filtros: 5,037 -> 4,978 (98.8%)
2026-07-22 20:24:00 | INFO     | logger:42 | Indicadores: 4978 exames, 110 mun, 409 arr
2026-07-22 20:24:03 | INFO     | logger:54 | [PIPELINE] Tempo total: 5759.3 ms
2026-07-22 20:26:10 | INFO     | app:26 | Iniciando Painel Inteligente de Vigilancia Cardiovascular v3.6.1
2026-07-22 20:26:13 | INFO     | logger:33 | Planilha: ecg.xlsx | 5,037 linhas x 136 colunas
2026-07-22 20:26:14 | INFO     | logger:38 | Filtros: 5,037 -> 4,978 (98.8%)
2026-07-22 20:26:15 | INFO     | logger:42 | Indicadores: 4978 exames, 110 mun, 409 arr
2026-07-22 20:26:18 | INFO     | logger:54 | [PIPELINE] Tempo total: 7768.4 ms
2026-07-22 20:26:55 | INFO     | app:26 | Iniciando Painel Inteligente de Vigilancia Cardiovascular v3.6.1
2026-07-22 20:26:58 | INFO     | logger:33 | Planilha: ecg.xlsx | 5,037 linhas x 136 colunas
2026-07-22 20:26:58 | INFO     | logger:38 | Filtros: 5,037 -> 4,978 (98.8%)
2026-07-22 20:26:58 | INFO     | logger:42 | Indicadores: 4978 exames, 110 mun, 409 arr
2026-07-22 20:27:01 | INFO     | logger:54 | [PIPELINE] Tempo total: 5524.7 ms
2026-07-22 20:27:04 | INFO     | app:26 | Iniciando Painel Inteligente de Vigilancia Cardiovascular v3.6.1
2026-07-22 20:27:06 | INFO     | logger:33 | Planilha: ecg.xlsx | 5,037 linhas x 136 colunas
2026-07-22 20:27:06 | INFO     | logger:38 | Filtros: 5,037 -> 4,978 (98.8%)
2026-07-22 20:27:07 | INFO     | logger:42 | Indicadores: 4978 exames, 110 mun, 409 arr
2026-07-22 20:27:09 | INFO     | logger:54 | [PIPELINE] Tempo total: 5561.8 ms
2026-07-22 20:27:30 | INFO     | app:26 | Iniciando Painel Inteligente de Vigilancia Cardiovascular v3.6.1
2026-07-22 20:27:32 | INFO     | logger:33 | Planilha: ecg.xlsx | 5,037 linhas x 136 colunas
2026-07-22 20:27:32 | INFO     | logger:38 | Filtros: 5,037 -> 4,978 (98.8%)
2026-07-22 20:27:33 | INFO     | logger:42 | Indicadores: 4978 exames, 110 mun, 409 arr
2026-07-22 20:27:35 | INFO     | logger:54 | [PIPELINE] Tempo total: 5610.0 ms
2026-07-22 20:31:38 | INFO     | app:26 | Iniciando Painel Inteligente de Vigilancia Cardiovascular v3.6.1
2026-07-22 20:31:41 | INFO     | logger:33 | Planilha: ecg.xlsx | 5,037 linhas x 136 colunas
2026-07-22 20:31:42 | INFO     | logger:38 | Filtros: 5,037 -> 4,978 (98.8%)
2026-07-22 20:31:43 | INFO     | logger:42 | Indicadores: 4978 exames, 110 mun, 409 arr
2026-07-22 20:34:07 | INFO     | app:26 | Iniciando Painel Inteligente de Vigilancia Cardiovascular v3.6.1
2026-07-22 20:34:10 | INFO     | logger:33 | Planilha: ecg.xlsx | 5,037 linhas x 136 colunas
2026-07-22 20:34:10 | INFO     | logger:38 | Filtros: 5,037 -> 4,978 (98.8%)
2026-07-22 20:34:11 | INFO     | logger:42 | Indicadores: 4978 exames, 110 mun, 409 arr
2026-07-22 20:34:14 | INFO     | logger:54 | [PIPELINE] Tempo total: 7609.5 ms
2026-07-22 20:34:27 | INFO     | app:26 | Iniciando Painel Inteligente de Vigilancia Cardiovascular v3.6.1
2026-07-22 20:34:29 | INFO     | logger:33 | Planilha: ecg.xlsx | 5,037 linhas x 136 colunas
2026-07-22 20:34:29 | INFO     | logger:38 | Filtros: 5,037 -> 4,978 (98.8%)
2026-07-22 20:34:30 | INFO     | logger:42 | Indicadores: 4978 exames, 110 mun, 409 arr
2026-07-22 20:34:32 | INFO     | logger:54 | [PIPELINE] Tempo total: 5460.0 ms
2026-07-22 20:34:37 | INFO     | app:26 | Iniciando Painel Inteligente de Vigilancia Cardiovascular v3.6.1
2026-07-22 20:34:39 | INFO     | logger:33 | Planilha: ecg.xlsx | 5,037 linhas x 136 colunas
2026-07-22 20:34:39 | INFO     | logger:38 | Filtros: 5,037 -> 4,978 (98.8%)
2026-07-22 20:34:40 | INFO     | logger:42 | Indicadores: 4978 exames, 110 mun, 409 arr
2026-07-22 20:34:42 | INFO     | logger:54 | [PIPELINE] Tempo total: 5491.8 ms
2026-07-22 20:40:33 | INFO     | app:26 | Iniciando Painel Inteligente de Vigilancia Cardiovascular v3.6.1
2026-07-22 20:40:36 | INFO     | logger:33 | Planilha: ecg.xlsx | 5,037 linhas x 136 colunas
2026-07-22 20:40:37 | INFO     | logger:38 | Filtros: 5,037 -> 4,978 (98.8%)
2026-07-22 20:40:37 | INFO     | logger:42 | Indicadores: 4978 exames, 110 mun, 409 arr
2026-07-22 20:40:40 | INFO     | logger:54 | [PIPELINE] Tempo total: 7564.1 ms
2026-07-22 20:40:42 | INFO     | app:26 | Iniciando Painel Inteligente de Vigilancia Cardiovascular v3.6.1
2026-07-22 20:40:44 | INFO     | logger:33 | Planilha: ecg.xlsx | 5,037 linhas x 136 colunas
2026-07-22 20:40:44 | INFO     | logger:38 | Filtros: 5,037 -> 4,978 (98.8%)
2026-07-22 20:40:45 | INFO     | logger:42 | Indicadores: 4978 exames, 110 mun, 409 arr
2026-07-22 20:40:48 | INFO     | logger:54 | [PIPELINE] Tempo total: 5820.3 ms
2026-07-22 20:42:51 | INFO     | app:26 | Iniciando Painel Inteligente de Vigilancia Cardiovascular v3.6.1
2026-07-22 20:42:53 | INFO     | logger:33 | Planilha: ecg.xlsx | 5,037 linhas x 136 colunas
2026-07-22 20:42:53 | INFO     | logger:38 | Filtros: 5,037 -> 4,978 (98.8%)
2026-07-22 20:42:54 | INFO     | logger:42 | Indicadores: 4978 exames, 110 mun, 409 arr
2026-07-22 20:42:56 | INFO     | app:26 | Iniciando Painel Inteligente de Vigilancia Cardiovascular v3.6.1
2026-07-22 20:42:59 | INFO     | logger:33 | Planilha: ecg.xlsx | 5,037 linhas x 136 colunas
2026-07-22 20:42:59 | INFO     | logger:38 | Filtros: 5,037 -> 4,978 (98.8%)
2026-07-22 20:42:59 | INFO     | logger:42 | Indicadores: 4978 exames, 110 mun, 409 arr
2026-07-22 20:43:02 | INFO     | logger:54 | [PIPELINE] Tempo total: 6277.3 ms
2026-07-22 20:46:08 | INFO     | app:26 | Iniciando Painel Inteligente de Vigilancia Cardiovascular v3.6.1
2026-07-22 20:46:10 | INFO     | logger:33 | Planilha: ecg.xlsx | 5,037 linhas x 136 colunas
2026-07-22 20:46:10 | INFO     | logger:38 | Filtros: 5,037 -> 4,976 (98.8%)
2026-07-22 20:46:11 | INFO     | logger:42 | Indicadores: 4976 exames, 109 mun, 408 arr
2026-07-22 20:46:14 | INFO     | logger:54 | [PIPELINE] Tempo total: 5715.8 ms
2026-07-22 20:47:25 | INFO     | app:26 | Iniciando Painel Inteligente de Vigilancia Cardiovascular v3.6.1
2026-07-22 20:47:28 | INFO     | logger:33 | Planilha: ecg.xlsx | 5,037 linhas x 136 colunas
2026-07-22 20:47:28 | INFO     | logger:38 | Filtros: 5,037 -> 4,975 (98.8%)
2026-07-22 20:47:29 | INFO     | logger:42 | Indicadores: 4975 exames, 108 mun, 408 arr
2026-07-22 20:47:31 | INFO     | logger:54 | [PIPELINE] Tempo total: 5850.5 ms
2026-07-23 11:49:47 | INFO     | app:26 | Iniciando Painel Inteligente de Vigilancia Cardiovascular v3.6.1
2026-07-23 11:49:47 | INFO     | app:26 | Iniciando Painel Inteligente de Vigilancia Cardiovascular v3.6.1
2026-07-23 11:49:52 | INFO     | logger:33 | Planilha: ecg.xlsx | 5,037 linhas x 136 colunas
2026-07-23 11:49:54 | INFO     | logger:38 | Filtros: 5,037 -> 4,975 (98.8%)
2026-07-23 11:49:55 | INFO     | logger:42 | Indicadores: 4975 exames, 108 mun, 408 arr
2026-07-23 11:50:00 | INFO     | logger:54 | [PIPELINE] Tempo total: 12464.3 ms
2026-07-23 11:50:11 | INFO     | app:26 | Iniciando Painel Inteligente de Vigilancia Cardiovascular v3.6.1
2026-07-23 11:50:14 | INFO     | logger:33 | Planilha: ecg.xlsx | 5,037 linhas x 136 colunas
2026-07-23 11:50:14 | INFO     | logger:38 | Filtros: 5,037 -> 4,975 (98.8%)
2026-07-23 11:50:15 | INFO     | logger:42 | Indicadores: 4975 exames, 108 mun, 408 arr
2026-07-23 11:50:18 | INFO     | logger:54 | [PIPELINE] Tempo total: 7490.1 ms
2026-07-23 11:50:29 | INFO     | app:26 | Iniciando Painel Inteligente de Vigilancia Cardiovascular v3.6.1
2026-07-23 11:50:32 | INFO     | logger:33 | Planilha: ecg.xlsx | 5,037 linhas x 136 colunas
2026-07-23 11:50:32 | INFO     | logger:38 | Filtros: 5,037 -> 4,975 (98.8%)
2026-07-23 11:50:33 | INFO     | logger:42 | Indicadores: 4975 exames, 108 mun, 408 arr
2026-07-23 11:50:36 | INFO     | logger:54 | [PIPELINE] Tempo total: 7073.0 ms
2026-07-23 11:50:46 | INFO     | app:26 | Iniciando Painel Inteligente de Vigilancia Cardiovascular v3.6.1
2026-07-23 11:50:49 | INFO     | logger:33 | Planilha: ecg.xlsx | 5,037 linhas x 136 colunas
2026-07-23 11:50:49 | INFO     | logger:38 | Filtros: 5,037 -> 4,975 (98.8%)
2026-07-23 11:50:50 | INFO     | logger:42 | Indicadores: 4975 exames, 108 mun, 408 arr
2026-07-23 11:50:53 | INFO     | logger:54 | [PIPELINE] Tempo total: 7330.9 ms
2026-07-23 12:05:11 | INFO     | app:26 | Iniciando Painel Inteligente de Vigilancia Cardiovascular v3.6.1
2026-07-23 12:05:14 | INFO     | logger:33 | Planilha: ecg.xlsx | 5,037 linhas x 136 colunas
2026-07-23 12:05:15 | INFO     | logger:38 | Filtros: 5,037 -> 4,975 (98.8%)
2026-07-23 12:05:16 | INFO     | logger:42 | Indicadores: 4975 exames, 108 mun, 408 arr
2026-07-23 12:05:20 | INFO     | logger:54 | [PIPELINE] Tempo total: 9694.2 ms
2026-07-23 12:13:12 | INFO     | app:26 | Iniciando Painel Inteligente de Vigilancia Cardiovascular v3.6.1
2026-07-23 12:13:16 | INFO     | logger:33 | Planilha: ecg.xlsx | 5,037 linhas x 136 colunas
2026-07-23 12:13:17 | INFO     | logger:38 | Filtros: 5,037 -> 4,975 (98.8%)
2026-07-23 12:13:18 | INFO     | logger:42 | Indicadores: 4975 exames, 108 mun, 408 arr
2026-07-23 12:13:22 | INFO     | logger:54 | [PIPELINE] Tempo total: 9613.2 ms
2026-07-23 12:17:10 | INFO     | app:26 | Iniciando Painel Inteligente de Vigilancia Cardiovascular v3.6.1
2026-07-23 12:17:13 | INFO     | logger:33 | Planilha: ecg.xlsx | 5,037 linhas x 136 colunas
2026-07-23 12:17:14 | INFO     | logger:38 | Filtros: 5,037 -> 4,975 (98.8%)
2026-07-23 12:17:14 | INFO     | logger:42 | Indicadores: 4975 exames, 108 mun, 408 arr
2026-07-23 12:17:18 | INFO     | logger:54 | [PIPELINE] Tempo total: 7229.9 ms
2026-07-23 12:17:25 | INFO     | app:26 | Iniciando Painel Inteligente de Vigilancia Cardiovascular v3.6.1
2026-07-23 12:17:29 | INFO     | logger:33 | Planilha: ecg.xlsx | 5,037 linhas x 136 colunas
2026-07-23 12:17:29 | INFO     | logger:38 | Filtros: 5,037 -> 4,975 (98.8%)
2026-07-23 12:17:30 | INFO     | logger:42 | Indicadores: 4975 exames, 108 mun, 408 arr
2026-07-23 12:17:33 | INFO     | logger:54 | [PIPELINE] Tempo total: 7283.1 ms
2026-07-23 12:18:00 | INFO     | app:26 | Iniciando Painel Inteligente de Vigilancia Cardiovascular v3.6.1
2026-07-23 12:18:04 | INFO     | logger:33 | Planilha: ecg.xlsx | 5,037 linhas x 136 colunas
2026-07-23 12:18:05 | INFO     | logger:38 | Filtros: 5,037 -> 4,975 (98.8%)
2026-07-23 12:18:06 | INFO     | logger:42 | Indicadores: 4975 exames, 108 mun, 408 arr
2026-07-23 12:18:10 | INFO     | logger:54 | [PIPELINE] Tempo total: 9524.4 ms
2026-07-23 12:27:59 | INFO     | app:26 | Iniciando Painel Inteligente de Vigilancia Cardiovascular v3.6.1
2026-07-23 12:28:03 | INFO     | logger:33 | Planilha: ecg.xlsx | 5,037 linhas x 136 colunas
2026-07-23 12:28:04 | INFO     | logger:38 | Filtros: 5,037 -> 4,975 (98.8%)
2026-07-23 12:28:05 | INFO     | logger:42 | Indicadores: 4975 exames, 108 mun, 408 arr
2026-07-23 12:28:08 | INFO     | logger:54 | [PIPELINE] Tempo total: 9533.0 ms
2026-07-23 12:30:24 | INFO     | app:26 | Iniciando Painel Inteligente de Vigilancia Cardiovascular v3.6.1
2026-07-23 12:30:28 | INFO     | logger:33 | Planilha: ecg.xlsx | 5,037 linhas x 136 colunas
2026-07-23 12:30:29 | INFO     | logger:38 | Filtros: 5,037 -> 4,975 (98.8%)
2026-07-23 12:30:30 | INFO     | logger:42 | Indicadores: 4975 exames, 108 mun, 408 arr
2026-07-23 12:30:34 | INFO     | logger:54 | [PIPELINE] Tempo total: 9556.1 ms
2026-07-23 12:38:25 | INFO     | app:26 | Iniciando Painel Inteligente de Vigilancia Cardiovascular v3.6.1
2026-07-23 12:38:29 | INFO     | logger:33 | Planilha: ecg.xlsx | 5,037 linhas x 136 colunas
2026-07-23 12:38:30 | INFO     | logger:38 | Filtros: 5,037 -> 4,975 (98.8%)
2026-07-23 12:38:31 | INFO     | logger:42 | Indicadores: 4975 exames, 108 mun, 408 arr
2026-07-23 12:38:35 | INFO     | logger:54 | [PIPELINE] Tempo total: 9551.1 ms
2026-07-23 12:41:52 | INFO     | app:26 | Iniciando Painel Inteligente de Vigilancia Cardiovascular v3.6.1
2026-07-23 12:41:55 | INFO     | logger:33 | Planilha: ecg.xlsx | 5,037 linhas x 136 colunas
2026-07-23 12:41:55 | INFO     | logger:38 | Filtros: 5,037 -> 4,975 (98.8%)
2026-07-23 12:41:56 | INFO     | logger:42 | Indicadores: 4975 exames, 108 mun, 408 arr
2026-07-23 12:41:59 | INFO     | logger:54 | [PIPELINE] Tempo total: 7162.3 ms
2026-07-23 12:42:25 | INFO     | app:26 | Iniciando Painel Inteligente de Vigilancia Cardiovascular v3.6.1
2026-07-23 12:42:28 | INFO     | logger:33 | Planilha: ecg.xlsx | 5,037 linhas x 136 colunas
2026-07-23 12:42:29 | INFO     | logger:38 | Filtros: 5,037 -> 4,975 (98.8%)
2026-07-23 12:42:30 | INFO     | logger:42 | Indicadores: 4975 exames, 108 mun, 408 arr
2026-07-23 12:42:34 | INFO     | logger:54 | [PIPELINE] Tempo total: 9490.0 ms
2026-07-23 12:46:50 | INFO     | app:26 | Iniciando Painel Inteligente de Vigilancia Cardiovascular v3.6.1
2026-07-23 12:46:54 | INFO     | logger:33 | Planilha: ecg.xlsx | 5,037 linhas x 136 colunas
2026-07-23 12:46:55 | INFO     | logger:38 | Filtros: 5,037 -> 4,975 (98.8%)
2026-07-23 12:46:56 | INFO     | logger:42 | Indicadores: 4975 exames, 108 mun, 408 arr
2026-07-23 12:46:59 | INFO     | logger:54 | [PIPELINE] Tempo total: 9480.0 ms
2026-07-23 12:49:46 | INFO     | app:26 | Iniciando Painel Inteligente de Vigilancia Cardiovascular v3.6.1
2026-07-23 12:49:49 | INFO     | logger:33 | Planilha: ecg.xlsx | 5,037 linhas x 136 colunas
2026-07-23 12:49:49 | INFO     | logger:38 | Filtros: 5,037 -> 4,975 (98.8%)
2026-07-23 12:49:50 | INFO     | logger:42 | Indicadores: 4975 exames, 108 mun, 408 arr
2026-07-23 12:49:53 | INFO     | logger:54 | [PIPELINE] Tempo total: 7159.4 ms
2026-07-23 13:03:46 | INFO     | app:26 | Iniciando Painel Inteligente de Vigilancia Cardiovascular v3.6.1
2026-07-23 13:03:50 | INFO     | logger:33 | Planilha: ecg.xlsx | 5,037 linhas x 136 colunas
2026-07-23 13:03:51 | INFO     | logger:38 | Filtros: 5,037 -> 4,975 (98.8%)
2026-07-23 13:03:52 | INFO     | logger:42 | Indicadores: 4975 exames, 108 mun, 408 arr
2026-07-23 13:03:56 | INFO     | logger:54 | [PIPELINE] Tempo total: 9767.0 ms
2026-07-23 13:07:18 | INFO     | app:26 | Iniciando Painel Inteligente de Vigilancia Cardiovascular v3.6.1
2026-07-23 13:07:21 | INFO     | logger:33 | Planilha: ecg.xlsx | 5,037 linhas x 136 colunas
2026-07-23 13:07:21 | INFO     | logger:38 | Filtros: 5,037 -> 4,975 (98.8%)
2026-07-23 13:07:22 | INFO     | logger:42 | Indicadores: 4975 exames, 108 mun, 408 arr
2026-07-23 13:07:24 | INFO     | app:26 | Iniciando Painel Inteligente de Vigilancia Cardiovascular v3.6.1
2026-07-23 13:07:28 | INFO     | logger:33 | Planilha: ecg.xlsx | 5,037 linhas x 136 colunas
2026-07-23 13:07:28 | INFO     | logger:38 | Filtros: 5,037 -> 4,975 (98.8%)
2026-07-23 13:07:29 | INFO     | logger:42 | Indicadores: 4975 exames, 108 mun, 408 arr
2026-07-23 13:07:32 | INFO     | logger:54 | [PIPELINE] Tempo total: 8266.5 ms
2026-07-23 13:10:01 | INFO     | app:26 | Iniciando Painel Inteligente de Vigilancia Cardiovascular v3.6.1
2026-07-23 13:10:04 | INFO     | logger:33 | Planilha: ecg.xlsx | 5,037 linhas x 136 colunas
2026-07-23 13:10:04 | INFO     | logger:38 | Filtros: 5,037 -> 4,975 (98.8%)
2026-07-23 13:10:04 | INFO     | logger:42 | Indicadores: 4975 exames, 108 mun, 408 arr
2026-07-23 13:10:07 | INFO     | app:26 | Iniciando Painel Inteligente de Vigilancia Cardiovascular v3.6.1
2026-07-23 13:10:11 | INFO     | logger:33 | Planilha: ecg.xlsx | 5,037 linhas x 136 colunas
2026-07-23 13:10:11 | INFO     | logger:38 | Filtros: 5,037 -> 4,975 (98.8%)
2026-07-23 13:10:12 | INFO     | logger:42 | Indicadores: 4975 exames, 108 mun, 408 arr
2026-07-23 13:10:25 | INFO     | app:26 | Iniciando Painel Inteligente de Vigilancia Cardiovascular v3.6.1
2026-07-23 13:10:28 | INFO     | logger:33 | Planilha: ecg.xlsx | 5,037 linhas x 136 colunas
2026-07-23 13:10:28 | INFO     | logger:38 | Filtros: 5,037 -> 4,975 (98.8%)
2026-07-23 13:10:29 | INFO     | logger:42 | Indicadores: 4975 exames, 108 mun, 408 arr
2026-07-23 13:10:32 | INFO     | logger:54 | [PIPELINE] Tempo total: 7300.2 ms
2026-07-23 13:15:37 | INFO     | app:26 | Iniciando Painel Inteligente de Vigilancia Cardiovascular v3.6.1
2026-07-23 13:15:41 | INFO     | logger:33 | Planilha: ecg.xlsx | 5,037 linhas x 136 colunas
2026-07-23 13:15:42 | INFO     | logger:38 | Filtros: 5,037 -> 4,975 (98.8%)
2026-07-23 13:15:43 | INFO     | logger:42 | Indicadores: 4975 exames, 108 mun, 408 arr
2026-07-23 13:15:47 | INFO     | logger:54 | [PIPELINE] Tempo total: 9668.1 ms
2026-07-23 13:16:32 | INFO     | app:26 | Iniciando Painel Inteligente de Vigilancia Cardiovascular v3.6.1
2026-07-23 13:16:35 | INFO     | logger:33 | Planilha: ecg.xlsx | 5,037 linhas x 136 colunas
2026-07-23 13:16:35 | INFO     | logger:38 | Filtros: 5,037 -> 4,975 (98.8%)
2026-07-23 13:16:36 | INFO     | logger:42 | Indicadores: 4975 exames, 108 mun, 408 arr
2026-07-23 13:16:39 | INFO     | logger:54 | [PIPELINE] Tempo total: 7062.0 ms
2026-07-23 13:16:40 | INFO     | app:26 | Iniciando Painel Inteligente de Vigilancia Cardiovascular v3.6.1
2026-07-23 13:16:43 | INFO     | logger:33 | Planilha: ecg.xlsx | 5,037 linhas x 136 colunas
2026-07-23 13:16:43 | INFO     | logger:38 | Filtros: 5,037 -> 4,975 (98.8%)
2026-07-23 13:16:44 | INFO     | logger:42 | Indicadores: 4975 exames, 108 mun, 408 arr
2026-07-23 13:16:47 | INFO     | logger:54 | [PIPELINE] Tempo total: 7040.1 ms
2026-07-23 13:17:01 | INFO     | app:26 | Iniciando Painel Inteligente de Vigilancia Cardiovascular v3.6.1
2026-07-23 13:17:04 | INFO     | logger:33 | Planilha: ecg.xlsx | 5,037 linhas x 136 colunas
2026-07-23 13:17:04 | INFO     | logger:38 | Filtros: 5,037 -> 4,975 (98.8%)
2026-07-23 13:17:05 | INFO     | app:26 | Iniciando Painel Inteligente de Vigilancia Cardiovascular v3.6.1
2026-07-23 13:17:08 | INFO     | logger:33 | Planilha: ecg.xlsx | 5,037 linhas x 136 colunas
2026-07-23 13:17:09 | INFO     | logger:42 | Indicadores: 4975 exames, 108 mun, 408 arr
2026-07-23 13:17:09 | INFO     | logger:38 | Filtros: 5,037 -> 4,975 (98.8%)
2026-07-23 13:17:10 | INFO     | logger:42 | Indicadores: 4975 exames, 108 mun, 408 arr
2026-07-23 13:17:13 | INFO     | logger:54 | [PIPELINE] Tempo total: 8008.7 ms
2026-07-23 13:18:29 | INFO     | app:26 | Iniciando Painel Inteligente de Vigilancia Cardiovascular v3.6.1
2026-07-23 13:18:32 | INFO     | logger:33 | Planilha: ecg.xlsx | 5,037 linhas x 136 colunas
2026-07-23 13:18:32 | INFO     | logger:38 | Filtros: 5,037 -> 4,975 (98.8%)
2026-07-23 13:18:33 | INFO     | logger:42 | Indicadores: 4975 exames, 108 mun, 408 arr
2026-07-23 13:18:36 | INFO     | logger:54 | [PIPELINE] Tempo total: 7269.9 ms
2026-07-23 13:18:40 | INFO     | app:26 | Iniciando Painel Inteligente de Vigilancia Cardiovascular v3.6.1
2026-07-23 13:18:43 | INFO     | logger:33 | Planilha: ecg.xlsx | 5,037 linhas x 136 colunas
2026-07-23 13:18:43 | INFO     | logger:38 | Filtros: 5,037 -> 4,975 (98.8%)
2026-07-23 13:18:44 | INFO     | logger:42 | Indicadores: 4975 exames, 108 mun, 408 arr
2026-07-23 13:18:47 | INFO     | logger:54 | [PIPELINE] Tempo total: 7183.5 ms
2026-07-23 13:19:15 | INFO     | app:26 | Iniciando Painel Inteligente de Vigilancia Cardiovascular v3.6.1
2026-07-23 13:19:18 | INFO     | logger:33 | Planilha: ecg.xlsx | 5,037 linhas x 136 colunas
2026-07-23 13:19:18 | INFO     | logger:38 | Filtros: 5,037 -> 4,975 (98.8%)
2026-07-23 13:19:19 | INFO     | logger:42 | Indicadores: 4975 exames, 108 mun, 408 arr
2026-07-23 13:19:22 | INFO     | logger:54 | [PIPELINE] Tempo total: 7390.7 ms
2026-07-23 13:27:55 | INFO     | app:26 | Iniciando Painel Inteligente de Vigilancia Cardiovascular v3.6.1
2026-07-23 13:27:59 | INFO     | logger:33 | Planilha: ecg.xlsx | 5,037 linhas x 136 colunas
2026-07-23 13:28:00 | INFO     | logger:38 | Filtros: 5,037 -> 4,975 (98.8%)
2026-07-23 13:28:01 | INFO     | logger:42 | Indicadores: 4975 exames, 108 mun, 408 arr
2026-07-23 13:28:05 | INFO     | logger:54 | [PIPELINE] Tempo total: 9575.2 ms
2026-07-23 13:29:19 | INFO     | app:26 | Iniciando Painel Inteligente de Vigilancia Cardiovascular v3.6.1
2026-07-23 13:29:22 | INFO     | logger:33 | Planilha: ecg.xlsx | 5,037 linhas x 136 colunas
2026-07-23 13:29:22 | INFO     | logger:38 | Filtros: 5,037 -> 4,975 (98.8%)
2026-07-23 13:29:23 | INFO     | logger:42 | Indicadores: 4975 exames, 108 mun, 408 arr
2026-07-23 13:29:27 | INFO     | logger:54 | [PIPELINE] Tempo total: 7486.2 ms
2026-07-23 13:33:17 | INFO     | app:26 | Iniciando Painel Inteligente de Vigilancia Cardiovascular v3.6.1
2026-07-23 13:33:17 | INFO     | app:26 | Iniciando Painel Inteligente de Vigilancia Cardiovascular v3.6.1
2026-07-23 13:33:20 | INFO     | logger:33 | Planilha: ecg.xlsx | 5,037 linhas x 136 colunas
2026-07-23 13:33:21 | INFO     | logger:38 | Filtros: 5,037 -> 4,975 (98.8%)
2026-07-23 13:33:22 | INFO     | logger:42 | Indicadores: 4975 exames, 108 mun, 408 arr
2026-07-23 13:33:25 | INFO     | app:26 | Iniciando Painel Inteligente de Vigilancia Cardiovascular v3.6.1
2026-07-23 13:33:29 | INFO     | app:26 | Iniciando Painel Inteligente de Vigilancia Cardiovascular v3.6.1
2026-07-23 13:33:32 | INFO     | logger:33 | Planilha: ecg.xlsx | 5,037 linhas x 136 colunas
2026-07-23 13:33:32 | INFO     | logger:38 | Filtros: 5,037 -> 4,975 (98.8%)
2026-07-23 13:33:33 | INFO     | logger:42 | Indicadores: 4975 exames, 108 mun, 408 arr
2026-07-23 13:33:36 | INFO     | logger:54 | [PIPELINE] Tempo total: 7486.8 ms
2026-07-23 13:33:52 | INFO     | app:26 | Iniciando Painel Inteligente de Vigilancia Cardiovascular v3.6.1
2026-07-23 13:33:55 | INFO     | logger:33 | Planilha: ecg.xlsx | 5,037 linhas x 136 colunas
2026-07-23 13:33:55 | INFO     | logger:38 | Filtros: 5,037 -> 4,975 (98.8%)
2026-07-23 13:33:56 | INFO     | app:26 | Iniciando Painel Inteligente de Vigilancia Cardiovascular v3.6.1
2026-07-23 13:33:58 | INFO     | logger:42 | Indicadores: 4975 exames, 108 mun, 408 arr
2026-07-23 13:33:59 | INFO     | logger:33 | Planilha: ecg.xlsx | 5,037 linhas x 136 colunas
2026-07-23 13:33:59 | INFO     | logger:38 | Filtros: 5,037 -> 4,975 (98.8%)
2026-07-23 13:34:00 | INFO     | logger:42 | Indicadores: 4975 exames, 108 mun, 408 arr
2026-07-23 13:34:03 | INFO     | logger:54 | [PIPELINE] Tempo total: 7865.3 ms
2026-07-23 13:35:04 | INFO     | app:26 | Iniciando Painel Inteligente de Vigilancia Cardiovascular v3.6.1
2026-07-23 13:35:06 | INFO     | app:26 | Iniciando Painel Inteligente de Vigilancia Cardiovascular v3.6.1
2026-07-23 13:35:10 | INFO     | logger:33 | Planilha: ecg.xlsx | 5,037 linhas x 136 colunas
2026-07-23 13:35:10 | INFO     | logger:38 | Filtros: 5,037 -> 4,975 (98.8%)
2026-07-23 13:35:11 | INFO     | logger:42 | Indicadores: 4975 exames, 108 mun, 408 arr
2026-07-23 13:35:14 | INFO     | logger:54 | [PIPELINE] Tempo total: 8272.9 ms
2026-07-23 13:35:57 | INFO     | app:26 | Iniciando Painel Inteligente de Vigilancia Cardiovascular v3.6.1
2026-07-23 13:36:00 | INFO     | logger:33 | Planilha: ecg.xlsx | 5,037 linhas x 136 colunas
2026-07-23 13:36:00 | INFO     | logger:38 | Filtros: 5,037 -> 4,975 (98.8%)
2026-07-23 13:36:01 | INFO     | logger:42 | Indicadores: 4975 exames, 108 mun, 408 arr
2026-07-23 13:36:02 | INFO     | app:26 | Iniciando Painel Inteligente de Vigilancia Cardiovascular v3.6.1
2026-07-23 13:36:05 | INFO     | logger:33 | Planilha: ecg.xlsx | 5,037 linhas x 136 colunas
2026-07-23 13:36:05 | INFO     | logger:38 | Filtros: 5,037 -> 4,975 (98.8%)
2026-07-23 13:36:06 | INFO     | logger:42 | Indicadores: 4975 exames, 108 mun, 408 arr
2026-07-23 13:36:09 | INFO     | logger:54 | [PIPELINE] Tempo total: 6966.8 ms
2026-07-23 13:47:11 | INFO     | app:26 | Iniciando Painel Inteligente de Vigilancia Cardiovascular v3.6.1
2026-07-23 13:47:15 | INFO     | logger:33 | Planilha: ecg.xlsx | 5,037 linhas x 136 colunas
2026-07-23 13:47:16 | INFO     | logger:38 | Filtros: 5,037 -> 4,975 (98.8%)
2026-07-23 13:47:17 | INFO     | logger:42 | Indicadores: 4975 exames, 108 mun, 408 arr
2026-07-23 13:47:21 | INFO     | logger:54 | [PIPELINE] Tempo total: 9901.5 ms
2026-07-23 13:51:39 | INFO     | app:26 | Iniciando Painel Inteligente de Vigilancia Cardiovascular v3.6.1
2026-07-23 13:51:40 | INFO     | app:26 | Iniciando Painel Inteligente de Vigilancia Cardiovascular v3.6.1
2026-07-23 13:51:44 | INFO     | logger:33 | Planilha: ecg.xlsx | 5,037 linhas x 136 colunas
2026-07-23 13:51:48 | INFO     | logger:38 | Filtros: 5,037 -> 4,975 (98.8%)
2026-07-23 13:51:49 | INFO     | logger:42 | Indicadores: 4975 exames, 108 mun, 408 arr
2026-07-23 13:51:54 | INFO     | logger:54 | [PIPELINE] Tempo total: 14739.8 ms
2026-07-23 13:54:54 | INFO     | app:26 | Iniciando Painel Inteligente de Vigilancia Cardiovascular v3.6.1
2026-07-23 13:54:58 | INFO     | logger:33 | Planilha: ecg.xlsx | 5,037 linhas x 136 colunas
2026-07-23 13:54:59 | INFO     | logger:38 | Filtros: 5,037 -> 4,975 (98.8%)
2026-07-23 13:55:00 | INFO     | logger:42 | Indicadores: 4975 exames, 108 mun, 408 arr
2026-07-23 13:55:04 | INFO     | logger:54 | [PIPELINE] Tempo total: 9402.7 ms
2026-07-23 13:55:06 | INFO     | app:26 | Iniciando Painel Inteligente de Vigilancia Cardiovascular v3.6.1
2026-07-23 13:55:09 | INFO     | logger:33 | Planilha: ecg.xlsx | 5,037 linhas x 136 colunas
2026-07-23 13:55:09 | INFO     | logger:38 | Filtros: 5,037 -> 4,975 (98.8%)
2026-07-23 13:55:10 | INFO     | logger:42 | Indicadores: 4975 exames, 108 mun, 408 arr
2026-07-23 13:55:13 | INFO     | logger:54 | [PIPELINE] Tempo total: 7159.9 ms
2026-07-23 13:55:53 | INFO     | app:26 | Iniciando Painel Inteligente de Vigilancia Cardiovascular v3.6.1
2026-07-23 13:55:56 | INFO     | logger:33 | Planilha: ecg.xlsx | 5,037 linhas x 136 colunas
2026-07-23 13:55:56 | INFO     | logger:38 | Filtros: 5,037 -> 4,975 (98.8%)
2026-07-23 13:55:57 | INFO     | logger:42 | Indicadores: 4975 exames, 108 mun, 408 arr
2026-07-23 13:55:59 | INFO     | app:26 | Iniciando Painel Inteligente de Vigilancia Cardiovascular v3.6.1
2026-07-23 13:56:02 | INFO     | logger:33 | Planilha: ecg.xlsx | 5,037 linhas x 136 colunas
2026-07-23 13:56:02 | INFO     | logger:38 | Filtros: 5,037 -> 4,975 (98.8%)
2026-07-23 13:56:02 | INFO     | logger:42 | Indicadores: 4975 exames, 108 mun, 408 arr
2026-07-23 13:56:06 | INFO     | logger:54 | [PIPELINE] Tempo total: 6974.7 ms
2026-07-23 13:56:32 | INFO     | app:26 | Iniciando Painel Inteligente de Vigilancia Cardiovascular v3.6.1
2026-07-23 13:56:35 | INFO     | logger:33 | Planilha: ecg.xlsx | 5,037 linhas x 136 colunas
2026-07-23 13:56:35 | INFO     | logger:38 | Filtros: 5,037 -> 4,975 (98.8%)
2026-07-23 13:56:36 | INFO     | logger:42 | Indicadores: 4975 exames, 108 mun, 408 arr
2026-07-23 13:56:37 | INFO     | app:26 | Iniciando Painel Inteligente de Vigilancia Cardiovascular v3.6.1
2026-07-23 13:56:40 | INFO     | logger:33 | Planilha: ecg.xlsx | 5,037 linhas x 136 colunas
2026-07-23 13:56:40 | INFO     | logger:38 | Filtros: 5,037 -> 4,975 (98.8%)
2026-07-23 13:56:41 | INFO     | app:26 | Iniciando Painel Inteligente de Vigilancia Cardiovascular v3.6.1
2026-07-23 13:56:43 | INFO     | logger:42 | Indicadores: 4975 exames, 108 mun, 408 arr
2026-07-23 13:56:44 | INFO     | logger:33 | Planilha: ecg.xlsx | 5,037 linhas x 136 colunas
2026-07-23 13:56:44 | INFO     | logger:38 | Filtros: 5,037 -> 4,975 (98.8%)
2026-07-23 13:56:45 | INFO     | logger:42 | Indicadores: 4975 exames, 108 mun, 408 arr
2026-07-23 13:56:48 | INFO     | logger:54 | [PIPELINE] Tempo total: 7559.8 ms
2026-07-23 13:57:08 | INFO     | app:26 | Iniciando Painel Inteligente de Vigilancia Cardiovascular v3.6.1
2026-07-23 13:57:11 | INFO     | logger:33 | Planilha: ecg.xlsx | 5,037 linhas x 136 colunas
2026-07-23 13:57:11 | INFO     | logger:38 | Filtros: 5,037 -> 4,975 (98.8%)
2026-07-23 13:57:11 | INFO     | logger:42 | Indicadores: 4975 exames, 108 mun, 408 arr
2026-07-23 13:57:15 | INFO     | logger:54 | [PIPELINE] Tempo total: 6952.6 ms
2026-07-23 14:00:50 | INFO     | app:26 | Iniciando Painel Inteligente de Vigilancia Cardiovascular v3.6.1
2026-07-23 14:00:51 | INFO     | app:26 | Iniciando Painel Inteligente de Vigilancia Cardiovascular v3.6.1
2026-07-23 14:00:54 | INFO     | logger:33 | Planilha: ecg.xlsx | 5,037 linhas x 136 colunas
2026-07-23 14:00:58 | INFO     | logger:38 | Filtros: 5,037 -> 4,975 (98.8%)
2026-07-23 14:00:59 | INFO     | logger:42 | Indicadores: 4975 exames, 108 mun, 408 arr
2026-07-23 14:01:03 | INFO     | logger:54 | [PIPELINE] Tempo total: 12299.0 ms
2026-07-23 14:07:12 | INFO     | app:26 | Iniciando Painel Inteligente de Vigilancia Cardiovascular v3.6.1
2026-07-23 14:07:16 | INFO     | logger:33 | Planilha: ecg.xlsx | 5,037 linhas x 136 colunas
2026-07-23 14:07:17 | INFO     | logger:38 | Filtros: 5,037 -> 4,975 (98.8%)
2026-07-23 14:07:18 | INFO     | logger:42 | Indicadores: 4975 exames, 108 mun, 408 arr
2026-07-23 14:07:22 | INFO     | logger:54 | [PIPELINE] Tempo total: 9572.3 ms
2026-07-23 14:11:43 | INFO     | app:26 | Iniciando Painel Inteligente de Vigilancia Cardiovascular v3.6.1
2026-07-23 14:11:43 | ERROR    | logger:46 | [carregamento] SyntaxError: invalid syntax. Perhaps you forgot a comma? (constants.py, line 195)
2026-07-23 14:12:28 | INFO     | app:26 | Iniciando Painel Inteligente de Vigilancia Cardiovascular v3.6.1
2026-07-23 14:12:31 | INFO     | logger:33 | Planilha: ecg.xlsx | 5,037 linhas x 136 colunas
2026-07-23 14:12:31 | INFO     | logger:38 | Filtros: 5,037 -> 4,975 (98.8%)
2026-07-23 14:12:32 | INFO     | logger:42 | Indicadores: 4975 exames, 108 mun, 408 arr
2026-07-23 14:12:35 | INFO     | logger:54 | [PIPELINE] Tempo total: 7086.1 ms
2026-07-23 14:23:03 | INFO     | app:26 | Iniciando Painel Inteligente de Vigilancia Cardiovascular v3.6.1
2026-07-23 14:23:03 | INFO     | app:26 | Iniciando Painel Inteligente de Vigilancia Cardiovascular v3.6.1
2026-07-23 14:23:07 | INFO     | logger:33 | Planilha: ecg.xlsx | 5,037 linhas x 136 colunas
2026-07-23 14:23:11 | INFO     | logger:33 | Planilha: ecg.xlsx | 5,037 linhas x 136 colunas
2026-07-23 14:23:12 | INFO     | logger:38 | Filtros: 5,037 -> 4,975 (98.8%)
2026-07-23 14:23:12 | INFO     | logger:38 | Filtros: 5,037 -> 4,975 (98.8%)
2026-07-23 14:23:15 | INFO     | logger:42 | Indicadores: 4975 exames, 108 mun, 408 arr
2026-07-23 14:23:15 | INFO     | logger:42 | Indicadores: 4975 exames, 108 mun, 408 arr
2026-07-23 14:23:19 | INFO     | logger:54 | [PIPELINE] Tempo total: 15991.2 ms
2026-07-23 14:39:29 | INFO     | app:26 | Iniciando Painel Inteligente de Vigilancia Cardiovascular v3.6.1
2026-07-23 14:39:32 | INFO     | logger:33 | Planilha: ecg.xlsx | 5,037 linhas x 136 colunas
2026-07-23 14:39:32 | INFO     | logger:38 | Filtros: 5,037 -> 4,975 (98.8%)
2026-07-23 14:39:33 | INFO     | logger:42 | Indicadores: 4975 exames, 108 mun, 408 arr
2026-07-23 14:39:37 | INFO     | logger:54 | [PIPELINE] Tempo total: 7753.3 ms
2026-07-23 14:39:59 | INFO     | app:26 | Iniciando Painel Inteligente de Vigilancia Cardiovascular v3.6.1
2026-07-23 14:40:02 | INFO     | logger:33 | Planilha: ecg.xlsx | 5,037 linhas x 136 colunas
2026-07-23 14:40:02 | INFO     | logger:38 | Filtros: 5,037 -> 4,975 (98.8%)
2026-07-23 14:40:03 | INFO     | logger:42 | Indicadores: 4975 exames, 108 mun, 408 arr
2026-07-23 14:40:07 | INFO     | logger:54 | [PIPELINE] Tempo total: 7880.9 ms
2026-07-23 14:49:22 | INFO     | app:26 | Iniciando Painel Inteligente de Vigilancia Cardiovascular v3.6.1
2026-07-23 14:49:25 | INFO     | logger:33 | Planilha: ecg.xlsx | 5,037 linhas x 136 colunas
2026-07-23 14:49:25 | INFO     | logger:38 | Filtros: 5,037 -> 4,975 (98.8%)
2026-07-23 14:49:26 | INFO     | logger:42 | Indicadores: 4975 exames, 108 mun, 408 arr
2026-07-23 14:49:30 | INFO     | logger:54 | [PIPELINE] Tempo total: 7626.9 ms
2026-07-23 14:53:45 | INFO     | app:26 | Iniciando Painel Inteligente de Vigilancia Cardiovascular v3.6.1
2026-07-23 14:53:48 | INFO     | logger:33 | Planilha: ecg.xlsx | 5,037 linhas x 136 colunas
2026-07-23 14:53:48 | INFO     | logger:38 | Filtros: 5,037 -> 4,975 (98.8%)
2026-07-23 14:53:49 | INFO     | logger:42 | Indicadores: 4975 exames, 108 mun, 408 arr
2026-07-23 14:53:52 | INFO     | logger:54 | [PIPELINE] Tempo total: 6656.0 ms
2026-07-23 14:54:02 | INFO     | app:26 | Iniciando Painel Inteligente de Vigilancia Cardiovascular v3.6.1
2026-07-23 14:54:05 | INFO     | logger:33 | Planilha: ecg.xlsx | 5,037 linhas x 136 colunas
2026-07-23 14:54:05 | INFO     | logger:38 | Filtros: 5,037 -> 4,975 (98.8%)
2026-07-23 14:54:06 | INFO     | logger:42 | Indicadores: 4975 exames, 108 mun, 408 arr
2026-07-23 14:54:09 | INFO     | logger:54 | [PIPELINE] Tempo total: 6377.2 ms
2026-07-23 14:54:49 | INFO     | app:26 | Iniciando Painel Inteligente de Vigilancia Cardiovascular v3.6.1
2026-07-23 14:54:51 | INFO     | logger:33 | Planilha: ecg.xlsx | 5,037 linhas x 136 colunas
2026-07-23 14:54:52 | INFO     | logger:38 | Filtros: 5,037 -> 4,975 (98.8%)
2026-07-23 14:54:52 | INFO     | logger:42 | Indicadores: 4975 exames, 108 mun, 408 arr
2026-07-23 14:54:55 | INFO     | logger:54 | [PIPELINE] Tempo total: 6422.6 ms
2026-07-23 14:56:29 | INFO     | app:26 | Iniciando Painel Inteligente de Vigilancia Cardiovascular v3.6.1
2026-07-23 14:56:32 | INFO     | logger:33 | Planilha: ecg.xlsx | 5,037 linhas x 136 colunas
2026-07-23 14:56:32 | INFO     | logger:38 | Filtros: 5,037 -> 4,975 (98.8%)
2026-07-23 14:56:33 | INFO     | logger:42 | Indicadores: 4975 exames, 108 mun, 408 arr
2026-07-23 14:56:36 | INFO     | logger:54 | [PIPELINE] Tempo total: 6650.8 ms
2026-07-23 14:56:43 | INFO     | app:26 | Iniciando Painel Inteligente de Vigilancia Cardiovascular v3.6.1
2026-07-23 14:56:46 | INFO     | logger:33 | Planilha: ecg.xlsx | 5,037 linhas x 136 colunas
2026-07-23 14:56:46 | INFO     | logger:38 | Filtros: 5,037 -> 4,975 (98.8%)
2026-07-23 14:56:47 | INFO     | logger:42 | Indicadores: 4975 exames, 108 mun, 408 arr
2026-07-23 14:56:49 | INFO     | logger:54 | [PIPELINE] Tempo total: 6012.5 ms
2026-07-23 14:57:07 | INFO     | app:26 | Iniciando Painel Inteligente de Vigilancia Cardiovascular v3.6.1
2026-07-23 14:57:10 | INFO     | logger:33 | Planilha: ecg.xlsx | 5,037 linhas x 136 colunas
2026-07-23 14:57:10 | INFO     | logger:38 | Filtros: 5,037 -> 4,975 (98.8%)
2026-07-23 14:57:11 | INFO     | logger:42 | Indicadores: 4975 exames, 108 mun, 408 arr
2026-07-23 14:57:14 | INFO     | logger:54 | [PIPELINE] Tempo total: 6566.4 ms
2026-07-23 15:00:41 | INFO     | app:26 | Iniciando Painel Inteligente de Vigilancia Cardiovascular v3.6.1
2026-07-23 15:00:44 | INFO     | logger:33 | Planilha: ecg.xlsx | 5,037 linhas x 136 colunas
2026-07-23 15:00:44 | INFO     | logger:38 | Filtros: 5,037 -> 4,975 (98.8%)
2026-07-23 15:00:45 | INFO     | logger:42 | Indicadores: 4975 exames, 108 mun, 408 arr
2026-07-23 15:00:48 | INFO     | logger:54 | [PIPELINE] Tempo total: 6929.5 ms
2026-07-23 15:01:37 | INFO     | app:26 | Iniciando Painel Inteligente de Vigilancia Cardiovascular v3.6.1
2026-07-23 15:01:39 | INFO     | logger:33 | Planilha: ecg.xlsx | 5,037 linhas x 136 colunas
2026-07-23 15:01:39 | INFO     | logger:38 | Filtros: 5,037 -> 4,975 (98.8%)
2026-07-23 15:01:40 | INFO     | logger:42 | Indicadores: 4975 exames, 108 mun, 408 arr
2026-07-23 15:01:43 | INFO     | logger:54 | [PIPELINE] Tempo total: 6305.9 ms
